,WJSpecID,scientific_name,common_name,Inv,Vert,Scav,Fruits,Nectar,Seeds,PlantOther,Height_watbelowsurface,Height_wataroundsurface,Height_ground,Height_understory,Height_midhigh,Height_canopy,Height_aerial,Nocturnal_cat,PelagicSpecialist,log10SpecGenFinalMass,Diet_Breadth_Levin,Diet_breadthLevinsStanderdized,log_dietBreathLevin
213,567,Dendrocygna autumnalis,Black-bellied Whistling-duck,1,0,0,0,0,0,9,0,5,5,0,0,0,0,0,0,2.878119485,1.219512195,0.963414634,-0.016186761
212,566,Dendrocygna arborea,West Indian Whistling-duck,0,0,0,4,0,3,3,0,2,8,0,0,0,0,0,0,3.06069784,2.941176471,0.676470588,-0.169751081
214,560,Dendrocygna bicolor,Fulvous Whistling-duck,0,0,0,2,0,2,6,2,8,0,0,0,0,0,0,0,2.878734295,2.272727273,0.787878788,-0.103540592
646,611,Anser canagicus,Emperor Goose,1,0,0,2,0,0,7,0,2,8,0,0,0,0,0,0,3.329700864,1.851851852,0.858024691,-0.066500214
647,609,Anser caerulescens,Snow Goose,0,0,0,0,0,1,9,0,2,8,0,0,0,0,0,0,3.420970118,1.219512195,0.963414634,-0.016186761
648,610,Anser rossii,Ross's Goose,0,0,0,0,0,0,10,0,2,8,0,0,0,0,0,0,3.213780645,1,1,0
32,603,Anser albifrons,Greater White-fronted Goose,0,0,0,1,0,0,9,0,2,8,0,0,0,0,0,0,3.399048649,1.219512195,0.963414634,-0.016186761
76,616,Branta bernicla,Brent Goose,0,0,0,0,0,0,10,0,4,6,0,0,0,0,0,0,3.106500269,1,1,0
78,19813,Branta hutchinsii,Cackling Goose,0,0,0,1,0,0,9,0,4,6,0,0,0,0,0,0,3.448965892,1.219512195,0.963414634,-0.016186761
77,613,Branta canadensis,Canada Goose,0,0,0,1,0,0,9,0,4,6,0,0,0,0,0,0,3.448965892,1.219512195,0.963414634,-0.016186761
206,586,Cygnus olor,Mute Swan,1,1,0,0,0,0,8,0,10,0,0,0,0,0,0,0,4.0286542,1.515151515,0.914141414,-0.038986615
204,590,Cygnus buccinator,Trumpeter Swan,1,0,0,0,0,2,7,0,10,0,0,0,0,0,0,0,4.04419195,1.851851852,0.858024691,-0.066500214
205,591,Cygnus columbianus,Tundra Swan,0,0,0,0,0,0,10,0,5,5,0,0,0,0,0,0,3.804681791,1,1,0
17,637,Alopochen aegyptiaca,Egyptian Goose,1,0,0,0,0,0,9,0,3,7,0,0,0,0,0,0,3.272537777,1.219512195,0.963414634,-0.016186761
568,634,Tadorna tadorna,Common Shelduck,7,2,0,0,0,0,1,0,9,1,0,0,0,0,0,0,3.059499045,1.851851852,0.858024691,-0.066500214
96,657,Cairina moschata,Muscovy Duck,3,2,0,0,0,2,3,0,5,5,0,0,0,0,0,0,3.383057381,3.846153846,0.525641026,-0.279310746
15,659,Aix sponsa,Wood Duck,0,0,0,0,0,5,5,0,8,2,0,0,0,0,0,0,2.8179552,2,0.833333333,-0.079181246
649,690,Spatula discors,Blue-winged Teal,1,0,0,0,0,3,6,0,10,0,0,0,0,0,0,0,2.555626406,2.173913043,0.804347826,-0.094556108
650,691,Spatula cyanoptera,Cinnamon Teal,2,0,0,0,0,3,5,0,10,0,0,0,0,0,0,0,2.57685943,2.631578947,0.728070175,-0.137826759
651,695,Spatula clypeata,Northern Shoveler,6,0,0,0,0,2,2,2,8,0,0,0,0,0,0,0,2.787148634,2.272727273,0.787878788,-0.103540592
652,671,Mareca strepera,Gadwall,0,0,0,0,0,3,7,0,8,2,0,0,0,0,0,0,2.961696297,1.724137931,0.879310345,-0.055857817
653,673,Mareca penelope,Eurasian Wigeon,0,0,0,0,0,2,8,0,5,5,0,0,0,0,0,0,2.886507645,1.470588235,0.921568627,-0.035472318
654,674,Mareca americana,American Wigeon,0,0,0,0,0,0,10,0,5,5,0,0,0,0,0,0,2.877722556,1,1,0
29,679,Anas platyrhynchos,Mallard,4,2,0,0,0,2,2,2,6,2,0,0,0,0,0,0,2.926043895,3.571428571,0.571428571,-0.243038049
807,679,Anas diazi,Mexican Duck,4,2,0,0,0,2,2,2,6,2,0,0,0,0,0,0,2.926043895,3.571428571,0.571428571,-0.243038049
30,677,Anas rubripes,American Black Duck,4,0,0,0,0,3,3,2,8,0,0,0,0,0,0,0,3.093757783,2.941176471,0.676470588,-0.169751081
27,19816,Anas fulvigula,Mottled Duck,4,2,0,0,0,2,2,2,6,2,0,0,0,0,0,0,2.926043895,3.571428571,0.571428571,-0.243038049
25,708,Anas acuta,Northern Pintail,2,1,0,0,0,2,5,0,7,3,0,0,0,0,0,0,2.975257136,2.941176471,0.676470588,-0.169751081
26,714,Anas crecca,Common Teal,3,0,0,0,0,2,5,0,10,0,0,0,0,0,0,0,2.533886398,2.631578947,0.728070175,-0.137826759
28,19817,Anas gracilis,Grey Teal,2,0,0,0,0,4,4,0,10,0,0,0,0,0,0,0,2.688517705,2.777777778,0.703703704,-0.152610163
58,728,Aythya valisineria,Canvasback,1,1,0,0,0,2,6,6,4,0,0,0,0,0,0,0,3.079904468,2.380952381,0.76984127,-0.113598811
55,729,Aythya americana,Redhead,1,0,0,0,0,2,7,5,5,0,0,0,0,0,0,0,3.031687131,1.851851852,0.858024691,-0.066500214
56,730,Aythya collaris,Ring-necked Duck,2,0,0,0,0,2,6,0,10,0,0,0,0,0,0,0,2.847911819,2.272727273,0.787878788,-0.103540592
57,738,Aythya marila,Greater Scaup,8,0,0,0,0,1,1,8,2,0,0,0,0,0,0,0,3.002325922,1.515151515,0.914141414,-0.038986615
54,739,Aythya affinis,Lesser Scaup,2,0,0,0,0,3,5,10,0,0,0,0,0,0,0,0,2.91352246,2.631578947,0.728070175,-0.137826759
481,745,Polysticta stelleri,Steller's Eider,8,2,0,0,0,0,0,8,2,0,0,0,0,0,0,0,2.906744357,1.470588235,0.921568627,-0.035472318
533,743,Somateria spectabilis,King Eider,8,0,0,0,0,1,1,8,2,0,0,0,0,0,0,0,3.208632125,1.515151515,0.914141414,-0.038986615
532,740,Somateria mollissima,Common Eider,7,1,0,1,0,0,1,8,2,0,0,0,0,0,0,0,3.314063241,1.923076923,0.846153846,-0.072550667
283,747,Histrionicus histrionicus,Harlequin Duck,10,0,0,0,0,0,0,8,2,0,0,0,0,0,0,0,2.749403899,1,1,0
350,752,Melanitta perspicillata,Surf Scoter,8,0,0,0,0,1,1,10,0,0,0,0,0,0,0,0,3.039941298,1.515151515,0.914141414,-0.038986615
655,753,Melanitta deglandi,White-winged Scoter,8,1,0,0,0,0,1,8,2,0,0,0,0,0,0,0,3.25531352,1.515151515,0.914141414,-0.038986615
656,749,Melanitta americana,Black Scoter,7,1,0,0,0,1,1,10,0,0,0,0,0,0,0,0,3.021181027,1.923076923,0.846153846,-0.072550667
163,748,Clangula hyemalis,Long-tailed Duck,8,0,0,1,0,0,1,10,0,0,0,0,0,0,0,0,2.940018155,1.515151515,0.914141414,-0.038986615
83,760,Bucephala albeola,Bufflehead,7,2,0,0,0,1,0,10,0,0,0,0,0,0,0,0,2.599293428,1.851851852,0.858024691,-0.066500214
84,757,Bucephala clangula,Common Goldeneye,7,1,0,0,0,1,1,8,2,0,0,0,0,0,0,0,2.96310753,1.923076923,0.846153846,-0.072550667
85,759,Bucephala islandica,Barrow's Goldeneye,8,0,0,0,0,1,1,8,2,0,0,0,0,0,0,0,2.964358644,1.515151515,0.914141414,-0.038986615
335,762,Lophodytes cucullatus,Hooded Merganser,4,4,0,0,0,1,1,8,2,0,0,0,0,0,0,0,2.788005657,2.941176471,0.676470588,-0.169751081
355,767,Mergus merganser,Common Merganser,1,9,0,0,0,0,0,8,2,0,0,0,0,0,0,0,3.161673399,1.219512195,0.963414634,-0.016186761
356,764,Mergus serrator,Red-breasted Merganser,2,7,0,0,0,0,1,8,2,0,0,0,0,0,0,0,3.006538775,1.851851852,0.858024691,-0.066500214
406,573,Oxyura jamaicensis,Ruddy Duck,6,0,0,0,0,4,0,10,0,0,0,0,0,0,0,0,2.784010711,1.923076923,0.846153846,-0.072550667
404,137,Ortalis vetula,Plain Chachalaca,0,0,0,6,0,0,4,0,0,0,0,5,5,0,0,0,2.750199728,1.923076923,0.846153846,-0.072550667
402,463,Oreortyx pictus,Mountain Quail,0,0,0,2,0,4,4,0,0,8,2,0,0,0,0,0,2.367355921,2.777777778,0.703703704,-0.152610163
174,469,Colinus virginianus,Northern Bobwhite,0,0,0,0,0,7,3,0,0,10,0,0,0,0,0,0,2.235250612,1.724137931,0.879310345,-0.055857817
116,464,Callipepla squamata,Scaled Quail,3,0,0,0,0,4,3,0,0,10,0,0,0,0,0,0,2.264487256,2.941176471,0.676470588,-0.169751081
114,466,Callipepla californica,California Quail,0,0,0,0,0,5,5,0,0,10,0,0,0,0,0,0,2.219322508,2,0.833333333,-0.079181246
115,467,Callipepla gambelii,Gambel's Quail,1,0,0,0,0,4,5,0,0,10,0,0,0,0,0,0,2.219977257,2.380952381,0.76984127,-0.113598811
209,490,Cyrtonyx montezumae,Montezuma Quail,4,0,0,1,0,1,4,0,0,10,0,0,0,0,0,0,2.268062878,2.941176471,0.676470588,-0.169751081
16,241,Alectoris chukar,Chukar,2,0,0,0,0,1,7,0,0,10,0,0,0,0,0,0,2.700790221,1.851851852,0.858024691,-0.066500214
441,393,Phasianus colchicus,Common Pheasant,1,0,0,3,0,3,3,0,0,10,0,0,0,0,0,0,3.049338213,3.571428571,0.571428571,-0.243038049
426,294,Perdix perdix,Grey Partridge,3,0,0,0,0,3,4,0,0,10,0,0,0,0,0,0,2.607776604,2.941176471,0.676470588,-0.169751081
73,434,Bonasa umbellus,Ruffed Grouse,1,0,0,2,0,0,7,0,0,6,4,0,0,0,0,0,2.725020906,1.851851852,0.858024691,-0.066500214
137,435,Centrocercus urophasianus,Greater Sage-grouse,1,0,0,0,0,0,9,0,0,10,0,0,0,0,0,0,3.279315534,1.219512195,0.963414634,-0.016186761
136,19812,Centrocercus minimus,Gunnison Sage-grouse,1,0,0,0,0,0,9,0,0,10,0,0,0,0,0,0,3.279315534,1.219512195,0.963414634,-0.016186761
657,417,Falcipennis canadensis,Spruce Grouse,0,0,0,1,0,0,9,0,0,10,0,0,0,0,0,0,2.675457542,1.219512195,0.963414634,-0.016186761
303,427,Lagopus leucura,White-tailed Ptarmigan,0,0,0,0,0,0,10,0,0,10,0,0,0,0,0,0,2.550191651,1,1,0
211,420,Dendragapus obscurus,Dusky Grouse,0,0,0,2,0,0,8,0,0,10,0,0,0,0,0,0,3.02007525,1.470588235,0.921568627,-0.035472318
210,19811,Dendragapus fuliginosus,Sooty Grouse,0,0,0,2,0,0,8,0,0,10,0,0,0,0,0,0,3.02007525,1.470588235,0.921568627,-0.035472318
589,436,Tympanuchus phasianellus,Sharp-tailed Grouse,1,0,0,1,0,1,7,0,0,10,0,0,0,0,0,0,2.945655656,1.923076923,0.846153846,-0.072550667
587,437,Tympanuchus cupido,Greater Prairie-chicken,2,0,0,1,0,5,2,0,0,10,0,0,0,0,0,0,2.939559186,2.941176471,0.676470588,-0.169751081
588,438,Tympanuchus pallidicinctus,Lesser Prairie-chicken,6,0,0,0,0,0,4,0,0,6,2,2,0,0,0,0,2.872634025,1.923076923,0.846153846,-0.072550667
351,439,Meleagris gallopavo,Wild Turkey,2,0,0,2,0,2,4,0,0,9,1,0,0,0,0,0,3.762781312,3.571428571,0.571428571,-0.243038049
564,5004,Tachybaptus dominicus,Least Grebe,7,2,0,0,0,0,1,7,3,0,0,0,0,0,0,0,2.122510771,1.851851852,0.858024691,-0.066500214
477,5005,Podilymbus podiceps,Pied-billed Grebe,7,3,0,0,0,0,0,10,0,0,0,0,0,0,0,0,2.614823422,1.724137931,0.879310345,-0.055857817
473,5013,Podiceps auritus,Horned Grebe,4,6,0,0,0,0,0,7,3,0,0,0,0,0,0,0,2.656098202,1.923076923,0.846153846,-0.072550667
474,5010,Podiceps grisegena,Red-necked Grebe,5,5,0,0,0,0,0,7,3,0,0,0,0,0,0,0,3.009875634,2,0.833333333,-0.079181246
475,5015,Podiceps nigricollis,Black-necked Grebe,8,2,0,0,0,0,0,6,4,0,0,0,0,0,0,0,2.615360778,1.470588235,0.921568627,-0.035472318
9,5024,Aechmophorus occidentalis,Western Grebe,1,9,0,0,0,0,0,10,0,0,0,0,0,0,0,0,3.055741366,1.219512195,0.963414634,-0.016186761
8,5026,Aechmophorus clarkii,Clark's Grebe,1,9,0,0,0,0,0,10,0,0,0,0,0,0,0,0,3.037796885,1.219512195,0.963414634,-0.016186761
175,3315,Columba livia,Rock Pigeon,1,0,0,0,0,6,3,0,0,8,2,0,0,0,0,0,2.549248557,2.173913043,0.804347826,-0.094556108
423,3349,Patagioenas leucocephala,White-crowned Pigeon,0,0,0,7,0,0,3,0,0,2,2,4,2,0,0,0,2.380464506,1.724137931,0.879310345,-0.055857817
422,3361,Patagioenas flavirostris,Red-billed Pigeon,0,0,0,6,0,0,4,0,0,1,3,3,3,0,0,0,2.432664697,1.923076923,0.846153846,-0.072550667
421,3355,Patagioenas fasciata,Band-tailed Pigeon,0,0,0,0,0,7,3,0,0,0,5,5,0,0,0,0,2.563836919,1.724137931,0.879310345,-0.055857817
554,3380,Streptopelia turtur,European Turtle-dove,1,0,0,4,0,5,0,0,0,10,0,0,0,0,0,0,2.120573931,2.380952381,0.76984127,-0.113598811
553,3391,Streptopelia decaocto,Eurasian Collared-dove,1,0,0,3,0,4,2,0,0,8,1,1,0,0,0,0,2.173069664,3.333333333,0.611111111,-0.21387982
658,3385,Streptopelia chinensis,Spotted Dove,0,0,0,0,0,10,0,0,0,10,0,0,0,0,0,0,2.201397124,1,1,0
176,3447,Columbina inca,Inca Dove,0,0,0,2,0,8,0,0,0,10,0,0,0,0,0,0,1.67669361,1.470588235,0.921568627,-0.035472318
177,3449,Columbina passerina,Common Ground-dove,1,0,0,4,0,5,0,0,0,10,0,0,0,0,0,0,1.548512256,2.380952381,0.76984127,-0.113598811
178,3451,Columbina talpacoti,Ruddy Ground-dove,1,0,0,0,0,9,0,0,0,10,0,0,0,0,0,0,1.663135315,1.219512195,0.963414634,-0.016186761
268,3494,Geotrygon montana,Ruddy Quail-dove,2,0,0,3,0,5,0,0,0,10,0,0,0,0,0,0,2.126650821,2.631578947,0.728070175,-0.137826759
323,3464,Leptotila verreauxi,White-tipped Dove,2,0,0,2,0,6,0,0,0,10,0,0,0,0,0,0,2.166962664,2.272727273,0.787878788,-0.103540592
623,3443,Zenaida asiatica,White-winged Dove,0,0,0,3,0,6,1,0,0,6,3,1,0,0,0,0,2.184691431,2.173913043,0.804347826,-0.094556108
624,3439,Zenaida macroura,Mourning Dove,0,0,0,0,0,9,1,0,0,6,4,0,0,0,0,0,2.075291419,1.219512195,0.963414634,-0.016186761
193,1879,Crotophaga ani,Smooth-billed Ani,4,4,0,1,0,1,0,0,0,4,3,3,0,0,0,0,2.041747872,2.941176471,0.676470588,-0.169751081
194,1880,Crotophaga sulcirostris,Groove-billed Ani,6,2,0,1,0,1,0,0,0,9,1,0,0,0,0,0,1.914025652,2.380952381,0.76984127,-0.113598811
260,1889,Geococcyx californianus,Greater Roadrunner,3,5,1,1,0,0,0,0,0,10,0,0,0,0,0,0,2.575187845,2.777777778,0.703703704,-0.152610163
165,1858,Coccyzus americanus,Yellow-billed Cuckoo,6,3,0,1,0,0,0,0,0,0,0,4,6,0,0,0,1.806179974,2.173913043,0.804347826,-0.094556108
167,1860,Coccyzus minor,Mangrove Cuckoo,7,2,0,1,0,0,0,0,0,5,3,2,0,0,0,0,1.805432888,1.851851852,0.858024691,-0.066500214
166,1857,Coccyzus erythropthalmus,Black-billed Cuckoo,6,3,0,1,0,0,0,0,0,3,3,3,1,0,0,0,1.706717782,2.173913043,0.804347826,-0.094556108
196,1747,Cuculus canorus,Common Cuckoo,9,0,0,1,0,0,0,0,0,2,2,4,2,0,0,0,2.046729222,1.219512195,0.963414634,-0.016186761
155,3214,Chordeiles acutipennis,Lesser Nighthawk,10,0,0,0,0,0,0,0,0,0,2,7,0,1,1,0,1.685024785,1,1,0
157,3215,Chordeiles minor,Common Nighthawk,10,0,0,0,0,0,0,0,0,0,1,0,0,9,1,0,1.899273187,1,1,0
156,3216,Chordeiles gundlachii,Antillean Nighthawk,10,0,0,0,0,0,0,0,0,0,0,3,1,6,1,0,1.698970004,1,1,0
399,3220,Nyctidromus albicollis,Common Pauraque,10,0,0,0,0,0,0,0,0,4,3,2,0,1,1,0,1.762228284,1,1,0
438,3221,Phalaenoptilus nuttallii,Common Poorwill,10,0,0,0,0,0,0,0,0,1,2,5,0,2,1,0,1.684216795,1,1,0
659,3228,Antrostomus carolinensis,Chuck-will's-widow,9,1,0,0,0,0,0,0,1,2,2,1,0,4,1,0,2.037426498,1.219512195,0.963414634,-0.016186761
660,3235,Antrostomus vociferus,Eastern Whip-poor-will,10,0,0,0,0,0,0,0,1,2,2,5,0,0,1,0,1.726727209,1,1,0
661,3235,Antrostomus arizonae,Mexican Whip-poor-will,10,0,0,0,0,0,0,0,1,2,2,5,0,0,1,0,1.726727209,1,1,0
208,2330,Cypseloides niger,American Black Swift,10,0,0,0,0,0,0,0,0,0,0,0,0,10,0,0,1.5984622,1,1,0
141,2399,Chaetura pelagica,Chimney Swift,10,0,0,0,0,0,0,0,0,0,0,1,3,6,0,0,1.372912003,1,1,0
142,2400,Chaetura vauxi,Vaux's Swift,10,0,0,0,0,0,0,0,0,0,0,0,0,10,0,0,1.23299611,1,1,0
41,2422,Apus apus,Common Swift,10,0,0,0,0,0,0,0,0,0,0,0,0,10,0,0,1.575187845,1,1,0
11,2408,Aeronautes saxatalis,White-throated Swift,10,0,0,0,0,0,0,0,0,1,0,0,0,9,0,0,1.506505032,1,1,0
243,2679,Eugenes fulgens,Magnificent Hummingbird,1,0,0,0,9,0,0,0,0,0,6,3,0,1,0,0,0.903089987,1.219512195,0.963414634,-0.016186761
306,2655,Lampornis clemenciae,Blue-throated Hummingbird,1,0,0,0,9,0,0,0,0,0,7,3,0,0,0,0,0.877946952,1.219512195,0.963414634,-0.016186761
117,2789,Calothorax lucifer,Lucifer Hummingbird,1,0,0,0,9,0,0,0,0,0,6,4,0,0,0,0,0.51851394,1.219512195,0.963414634,-0.016186761
45,2791,Archilochus colubris,Ruby-throated Hummingbird,4,0,0,0,6,0,0,0,0,0,4,4,0,2,0,0,0.489958479,1.923076923,0.846153846,-0.072550667
44,2792,Archilochus alexandri,Black-chinned Hummingbird,1,0,0,0,9,0,0,0,0,0,5,4,0,1,0,0,0.530199698,1.219512195,0.963414634,-0.016186761
118,2793,Calypte anna,Anna's Hummingbird,1,0,0,0,9,0,0,0,0,0,2,8,0,0,0,0,0.627365857,1.219512195,0.963414634,-0.016186761
119,2794,Calypte costae,Costa's Hummingbird,1,0,0,0,9,0,0,0,0,0,7,3,0,0,0,0,0.489958479,1.219512195,0.963414634,-0.016186761
519,2812,Selasphorus platycercus,Broad-tailed Hummingbird,1,0,0,0,9,0,0,0,0,0,8,2,0,0,0,0,0.549003262,1.219512195,0.963414634,-0.016186761
520,2813,Selasphorus rufus,Rufous Hummingbird,1,0,0,0,9,0,0,0,0,0,6,4,0,0,0,0,0.544068044,1.219512195,0.963414634,-0.016186761
521,2814,Selasphorus sasin,Allen's Hummingbird,1,0,0,0,9,0,0,0,0,0,4,6,0,0,0,0,0.526339277,1.219512195,0.963414634,-0.016186761
662,2799,Selasphorus calliope,Calliope Hummingbird,1,0,0,0,9,0,0,0,0,0,8,2,0,0,0,0,0.421603927,1.219512195,0.963414634,-0.016186761
207,2573,Cynanthus latirostris,Broad-billed Hummingbird,1,0,0,0,9,0,0,0,0,0,5,5,0,0,0,0,0.491361694,1.219512195,0.963414634,-0.016186761
19,2638,Amazilia yucatanensis,Buff-bellied Hummingbird,1,0,0,0,9,0,0,0,0,0,6,4,0,0,0,0,0.589949601,1.219512195,0.963414634,-0.016186761
18,2644,Amazilia violiceps,Violet-crowned Hummingbird,1,0,0,0,9,0,0,0,0,0,1,8,0,1,0,0,0.707570176,1.219512195,0.963414634,-0.016186761
284,2591,Hylocharis xantusii,Xantus's Hummingbird,1,0,0,0,9,0,0,0,0,0,4,4,2,0,0,0,0.531478917,1.219512195,0.963414634,-0.016186761
791,3842,Rallus obsoletus,Ridgway's Rail,3,3,0,1,0,1,2,1,4,4,1,0,0,0,0,0,2.413886252,4.166666667,0.472222222,-0.325853579
500,3847,Rallus elegans,King Rail,3,5,0,0,0,2,0,0,5,5,0,0,0,0,0,0,2.495974257,2.631578947,0.728070175,-0.137826759
663,3842,Rallus crepitans,Clapper Rail,3,3,0,1,0,1,2,1,4,4,1,0,0,0,0,0,2.413886252,4.166666667,0.472222222,-0.325853579
501,3850,Rallus limicola,Virginia Rail,2,4,0,0,0,2,2,0,5,5,0,0,0,0,0,0,1.924795996,3.571428571,0.571428571,-0.243038049
484,3890,Porzana carolina,Sora,4,0,0,0,0,3,3,0,4,4,2,0,0,0,0,0,1.873901598,2.941176471,0.676470588,-0.169751081
792,3931,Gallinula galeata,Common Gallinule,2,2,0,2,0,2,2,0,2,6,2,0,0,0,0,0,2.531006045,5,0.333333333,-0.477121255
254,3942,Fulica americana,American Coot,2,0,0,0,0,4,4,5,5,0,0,0,0,0,0,0,2.803962133,2.777777778,0.703703704,-0.152610163
483,3925,Porphyrio martinica,Yellow-legged Gallinule,3,0,0,0,0,0,7,0,2,3,3,2,0,0,0,0,2.371178732,1.724137931,0.879310345,-0.055857817
793,3913,Porphyrio poliocephalus,Gray-headed Swamphen,1,2,0,0,0,3,4,0,2,6,2,0,0,0,0,0,2.888673623,3.333333333,0.611111111,-0.21387982
192,3797,Coturnicops noveboracensis,Yellow Rail,7,0,0,0,0,3,0,0,3,4,3,0,0,0,0,0,1.784617293,1.724137931,0.879310345,-0.055857817
322,3818,Laterallus jamaicensis,Black Rail,7,0,0,0,0,3,0,0,5,5,0,0,0,0,0,0,1.512684396,1.724137931,0.879310345,-0.055857817
43,3752,Aramus guarauna,Limpkin,5,5,0,0,0,0,0,0,5,5,0,0,0,0,0,0,3.033423755,2,0.833333333,-0.079181246
664,3741,Antigone canadensis,Sandhill Crane,2,2,0,2,0,1,3,0,5,5,0,0,0,0,0,0,3.633086513,4.545454545,0.409090909,-0.388180171
271,3747,Grus americana,Whooping Crane,2,6,0,1,0,1,0,0,5,5,0,0,0,0,0,0,3.765369735,2.380952381,0.76984127,-0.113598811
280,19902,Himantopus mexicanus,Black-necked Stilt,10,0,0,0,0,0,0,0,10,0,0,0,0,0,0,0,2.247531386,1,1,0
502,4224,Recurvirostra americana,American Avocet,8,0,0,0,0,2,0,0,5,5,0,0,0,0,0,0,2.483558771,1.470588235,0.921568627,-0.035472318
275,4200,Haematopus palliatus,American Oystercatcher,10,0,0,0,0,0,0,0,0,10,0,0,0,0,0,0,2.779199529,1,1,0
274,4199,Haematopus bachmani,Black Oystercatcher,9,1,0,0,0,0,0,0,0,10,0,0,0,0,0,0,2.744292983,1.219512195,0.963414634,-0.016186761
472,4234,Pluvialis squatarola,Grey Plover,7,0,0,0,0,1,2,0,0,10,0,0,0,0,0,0,2.397940009,1.851851852,0.858024691,-0.066500214
470,4233,Pluvialis dominica,American Golden Plover,7,0,0,1,0,1,1,0,0,10,0,0,0,0,0,0,2.180326625,1.923076923,0.846153846,-0.072550667
471,4232,Pluvialis fulva,Pacific Golden Plover,7,0,0,1,0,1,1,0,0,8,2,0,0,0,0,0,2.13001195,1.923076923,0.846153846,-0.072550667
603,4283,Vanellus vanellus,Northern Lapwing,10,0,0,0,0,0,0,0,0,10,0,0,0,0,0,0,2.339192974,1,1,0
602,4308,Vanellus chilensis,Southern Lapwing,9,1,0,0,0,0,0,0,2,8,0,0,0,0,0,0,2.514547753,1.219512195,0.963414634,-0.016186761
794,4250,Charadrius nivosus,Snowy Plover,10,0,0,0,0,0,0,0,4,6,0,0,0,0,0,0,1.626340367,1,1,0
150,4240,Charadrius wilsonia,Wilson's Plover,10,0,0,0,0,0,0,0,4,6,0,0,0,0,0,0,1.741151599,1,1,0
148,4237,Charadrius semipalmatus,Semipalmated Plover,10,0,0,0,0,0,0,0,0,10,0,0,0,0,0,0,1.669688708,1,1,0
145,4247,Charadrius melodus,Piping Plover,10,0,0,0,0,0,0,0,4,6,0,0,0,0,0,0,1.735519059,1,1,0
149,4241,Charadrius vociferus,Killdeer,9,0,0,0,0,1,0,0,0,10,0,0,0,0,0,0,1.984257202,1.219512195,0.963414634,-0.016186761
147,4270,Charadrius montanus,Mountain Plover,10,0,0,0,0,0,0,0,0,10,0,0,0,0,0,0,1.981093423,1,1,0
300,4163,Jacana spinosa,Northern Jacana,5,1,0,0,0,4,0,0,5,5,0,0,0,0,0,0,1.973127854,2.380952381,0.76984127,-0.113598811
64,4090,Bartramia longicauda,Upland Sandpiper,7,0,0,0,0,3,0,0,0,10,0,0,0,0,0,0,2.201178556,1.724137931,0.879310345,-0.055857817
395,4085,Numenius tahitiensis,Bristle-thighed Curlew,4,1,1,2,0,0,2,0,0,10,0,0,0,0,0,0,2.602146842,3.846153846,0.525641026,-0.279310746
394,4080,Numenius phaeopus,Whimbrel,6,0,0,2,0,1,1,0,2,6,2,0,0,0,0,0,2.561780928,2.380952381,0.76984127,-0.113598811
393,4088,Numenius americanus,Long-billed Curlew,9,0,0,1,0,0,0,0,2,8,0,0,0,0,0,0,2.766308723,1.219512195,0.963414634,-0.016186761
333,4076,Limosa lapponica,Bar-tailed Godwit,8,0,0,1,0,1,0,0,5,5,0,0,0,0,0,0,2.464861981,1.515151515,0.914141414,-0.038986615
332,4075,Limosa haemastica,Hudsonian Godwit,9,0,0,0,0,0,1,0,5,5,0,0,0,0,0,0,2.403618044,1.219512195,0.963414634,-0.016186761
331,4077,Limosa fedoa,Marbled Godwit,10,0,0,0,0,0,0,0,2,8,0,0,0,0,0,0,2.552692546,1,1,0
47,4110,Arenaria interpres,Ruddy Turnstone,8,0,0,0,0,0,2,0,0,10,0,0,0,0,0,0,2.133475037,1.470588235,0.921568627,-0.035472318
48,4111,Arenaria melanocephala,Black Turnstone,10,0,0,0,0,0,0,0,0,10,0,0,0,0,0,0,2.101093767,1,1,0
104,4118,Calidris canutus,Red Knot,8,1,0,0,0,1,0,0,0,10,0,0,0,0,0,0,2.151890569,1.515151515,0.914141414,-0.038986615
665,4116,Calidris virgata,Surfbird,10,0,0,0,0,0,0,0,0,10,0,0,0,0,0,0,2.303131233,1,1,0
106,4139,Calidris himantopus,Stilt Sandpiper,8,0,0,0,0,2,0,0,5,5,0,0,0,0,0,0,1.757699625,1.470588235,0.921568627,-0.035472318
113,4124,Calidris ruficollis,Red-necked Stint,6,0,0,0,0,4,0,0,5,5,0,0,0,0,0,0,1.427972714,1.923076923,0.846153846,-0.072550667
101,4120,Calidris alba,Sanderling,6,1,1,0,0,0,2,0,0,10,0,0,0,0,0,0,1.713574538,2.380952381,0.76984127,-0.113598811
102,4135,Calidris alpina,Dunlin,8,0,0,0,0,0,2,0,2,8,0,0,0,0,0,0,1.715083671,1.470588235,0.921568627,-0.035472318
111,4134,Calidris ptilocnemis,Rock Sandpiper,10,0,0,0,0,0,0,0,5,5,0,0,0,0,0,0,1.91019737,1,1,0
107,4133,Calidris maritima,Purple Sandpiper,7,0,0,1,0,1,1,0,2,6,2,0,0,0,0,0,1.813580989,1.923076923,0.846153846,-0.072550667
103,4129,Calidris bairdii,Baird's Sandpiper,10,0,0,0,0,0,0,0,2,8,0,0,0,0,0,0,1.612465964,1,1,0
110,4127,Calidris minutilla,Least Sandpiper,10,0,0,0,0,0,0,0,2,8,0,0,0,0,0,0,1.35945602,1,1,0
105,4128,Calidris fuscicollis,White-rumped Sandpiper,8,0,0,0,0,2,0,0,2,8,0,0,0,0,0,0,1.633569443,1.470588235,0.921568627,-0.035472318
666,4140,Calidris subruficollis,Buff-breasted Sandpiper,8,0,0,0,0,2,0,0,0,10,0,0,0,0,0,0,1.7930916,1.470588235,0.921568627,-0.035472318
109,4130,Calidris melanotos,Pectoral Sandpiper,8,0,0,0,0,2,0,0,2,8,0,0,0,0,0,0,1.901621764,1.470588235,0.921568627,-0.035472318
112,4121,Calidris pusilla,Semipalmated Sandpiper,8,0,0,0,0,2,0,0,2,8,0,0,0,0,0,0,1.439332694,1.470588235,0.921568627,-0.035472318
108,4122,Calidris mauri,Western Sandpiper,9,0,0,0,0,1,0,0,5,5,0,0,0,0,0,0,1.444357126,1.219512195,0.963414634,-0.016186761
328,4112,Limnodromus griseus,Short-billed Dowitcher,7,0,0,0,0,2,1,0,5,5,0,0,0,0,0,0,2.04348017,1.851851852,0.858024691,-0.066500214
329,4113,Limnodromus scolopaceus,Long-billed Dowitcher,6,0,0,0,0,2,2,0,5,5,0,0,0,0,0,0,2.018700499,2.272727273,0.787878788,-0.103540592
516,4043,Scolopax minor,American Woodcock,10,0,0,0,0,0,0,0,2,8,0,0,0,0,0,0,2.292964545,1,1,0
795,4051,Gallinago delicata,Wilson's Snipe,8,0,0,0,0,1,1,0,2,8,0,0,0,0,0,0,2.052847783,1.515151515,0.914141414,-0.038986615
667,4145,Phalaropus tricolor,Wilson's Phalarope,8,0,0,0,0,2,0,0,8,2,0,0,0,0,0,0,1.773713325,1.470588235,0.921568627,-0.035472318
439,4146,Phalaropus lobatus,Red-necked Phalarope,8,0,0,0,0,2,0,0,5,5,0,0,0,0,0,0,1.564429327,1.470588235,0.921568627,-0.035472318
7,4104,Actitis macularius,Spotted Sandpiper,8,2,0,0,0,0,0,0,2,8,0,0,0,0,0,0,1.606381365,1.470588235,0.921568627,-0.035472318
582,4098,Tringa solitaria,Solitary Sandpiper,8,2,0,0,0,0,0,0,5,5,0,0,0,0,0,0,1.684845362,1.470588235,0.921568627,-0.035472318
668,4106,Tringa incana,Wandering Tattler,8,2,0,0,0,0,0,0,5,5,0,0,0,0,0,0,2.034387784,1.470588235,0.921568627,-0.035472318
581,4096,Tringa melanoleuca,Greater Yellowlegs,8,2,0,0,0,0,0,0,8,2,0,0,0,0,0,0,2.208817439,1.470588235,0.921568627,-0.035472318
669,4107,Tringa semipalmata,Willet,8,2,0,0,0,0,0,0,7,3,0,0,0,0,0,0,2.390405156,1.470588235,0.921568627,-0.035472318
580,4097,Tringa flavipes,Lesser Yellowlegs,10,0,0,0,0,0,0,0,5,5,0,0,0,0,0,0,1.889301703,1,1,0
548,4348,Stercorarius pomarinus,Pomarine Jaeger,0,8,2,0,0,0,0,0,3,7,0,0,0,0,0,1,2.840400963,1.470588235,0.921568627,-0.035472318
547,4346,Stercorarius parasiticus,Parasitic Jaeger,2,6,0,2,0,0,0,0,0,10,0,0,0,0,0,0,2.647686088,2.272727273,0.787878788,-0.103540592
546,4345,Stercorarius longicaudus,Long-tailed Jaeger,3,6,0,1,0,0,0,0,0,10,0,0,0,0,0,0,2.459241665,2.173913043,0.804347826,-0.094556108
138,4513,Cepphus columba,Pigeon Guillemot,4,6,0,0,0,0,0,10,0,0,0,0,0,0,0,1,2.72427587,1.923076923,0.846153846,-0.072550667
75,4517,Brachyramphus marmoratus,Marbled Murrelet,7,3,0,0,0,0,0,10,0,0,0,0,0,0,0,1,2.342422681,1.724137931,0.879310345,-0.055857817
670,4426,Chroicocephalus philadelphia,Bonaparte's Gull,5,5,0,0,0,0,0,4,5,1,0,0,0,0,0,0,2.323685147,2,0.833333333,-0.079181246
671,4435,Hydrocoloeus minutus,Little Gull,8,2,0,0,0,0,0,1,6,3,0,0,0,0,0,0,2.071882007,1.470588235,0.921568627,-0.035472318
672,4433,Leucophaeus atricilla,Laughing Gull,4,4,2,0,0,0,0,0,5,4,1,0,0,0,0,1,2.487717991,2.777777778,0.703703704,-0.152610163
673,4434,Leucophaeus pipixcan,Franklin's Gull,4,2,0,0,0,2,2,0,3,4,3,0,0,0,0,0,2.447158031,3.571428571,0.571428571,-0.243038049
317,4373,Larus heermanni,Heermann's Gull,4,6,0,0,0,0,0,3,5,2,0,0,0,0,0,1,2.698961318,1.923076923,0.846153846,-0.072550667
312,4376,Larus canus,Mew Gull,4,4,1,0,0,0,1,2,4,4,0,0,0,0,0,1,2.615455537,2.941176471,0.676470588,-0.169751081
313,4381,Larus delawarensis,Ring-billed Gull,3,4,2,0,0,1,0,2,1,7,0,0,0,0,0,0,2.712910537,3.333333333,0.611111111,-0.21387982
321,4388,Larus occidentalis,Western Gull,2,6,2,0,0,0,0,0,2,8,0,0,0,0,0,1,2.965098173,2.272727273,0.787878788,-0.103540592
319,4389,Larus livens,Yellow-footed Gull,2,5,3,0,0,0,0,0,5,5,0,0,0,0,0,1,3.121231455,2.631578947,0.728070175,-0.137826759
311,4383,Larus californicus,California Gull,2,2,2,2,0,2,0,0,2,8,0,0,0,0,0,0,2.83466862,5,0.333333333,-0.477121255
310,4396,Larus argentatus,Herring Gull,3,5,2,0,0,0,0,2,4,4,0,0,0,0,0,1,3.03782077,2.631578947,0.728070175,-0.137826759
316,4391,Larus glaucoides,Iceland Gull,2,7,0,0,0,1,0,2,5,3,0,0,0,0,0,1,2.840927464,1.851851852,0.858024691,-0.066500214
314,4411,Larus fuscus,Lesser Black-backed Gull,3,5,1,1,0,0,0,4,3,3,0,0,0,0,0,0,2.882160101,2.777777778,0.703703704,-0.152610163
315,4386,Larus glaucescens,Glaucous-winged Gull,3,5,2,0,0,0,0,3,4,3,0,0,0,0,0,1,3.023885944,2.631578947,0.728070175,-0.137826759
318,4390,Larus hyperboreus,Glaucous Gull,2,5,2,1,0,0,0,0,5,5,0,0,0,0,0,1,3.184418847,2.941176471,0.676470588,-0.169751081
320,4384,Larus marinus,Great Black-backed Gull,2,2,2,2,0,2,0,0,2,8,0,0,0,0,0,1,3.217407607,5,0.333333333,-0.477121255
675,4474,Sternula antillarum,Least Tern,5,5,0,0,0,0,0,10,0,0,0,0,0,0,0,1,1.66143405,2,0.833333333,-0.079181246
676,4445,Gelochelidon nilotica,Gull-billed Tern,5,5,0,0,0,0,0,0,3,3,3,1,0,0,0,1,2.338954252,2,0.833333333,-0.079181246
677,4447,Hydroprogne caspia,Caspian Tern,0,9,1,0,0,0,0,8,2,0,0,0,0,0,0,1,2.8162413,1.219512195,0.963414634,-0.016186761
151,4488,Chlidonias niger,Black Tern,4,6,0,0,0,0,0,1,9,0,0,0,0,0,0,0,1.814913181,1.923076923,0.846153846,-0.072550667
549,4459,Sterna dougallii,Roseate Tern,1,9,0,0,0,0,0,10,0,0,0,0,0,0,0,1,2.049218023,1.219512195,0.963414634,-0.016186761
551,4463,Sterna hirundo,Common Tern,1,8,1,0,0,0,0,8,2,0,0,0,0,0,0,0,2.111094411,1.515151515,0.914141414,-0.038986615
552,4465,Sterna paradisaea,Arctic Tern,1,8,1,0,0,0,0,4,6,0,0,0,0,0,0,0,2.041392685,1.515151515,0.914141414,-0.038986615
550,4469,Sterna forsteri,Forster's Tern,2,8,0,0,0,0,0,8,2,0,0,0,0,0,0,0,2.173186268,1.470588235,0.921568627,-0.035472318
678,4449,Thalasseus maximus,Royal Tern,2,8,0,0,0,0,0,0,10,0,0,0,0,0,0,1,2.618372388,1.470588235,0.921568627,-0.035472318
679,4454,Thalasseus sandvicensis,Sandwich Tern,1,9,0,0,0,0,0,7,2,1,0,0,0,0,0,1,2.300660688,1.219512195,0.963414634,-0.016186761
680,4451,Thalasseus elegans,Elegant Tern,0,10,0,0,0,0,0,10,0,0,0,0,0,0,0,1,2.414973348,1,1,0
511,4360,Rynchops niger,Black Skimmer,3,7,0,0,0,0,0,0,10,0,0,0,0,0,0,0,2.473822597,1.724137931,0.879310345,-0.055857817
259,5440,Gavia stellata,Red-throated Loon,1,9,0,0,0,0,0,0,10,0,0,0,0,0,0,0,3.172018809,1.219512195,0.963414634,-0.016186761
256,5442,Gavia arctica,Arctic Loon,2,7,0,0,0,0,1,0,10,0,0,0,0,0,0,0,3.352394788,1.851851852,0.858024691,-0.066500214
258,19927,Gavia pacifica,Pacific Loon,2,7,0,0,0,0,1,0,10,0,0,0,0,0,0,0,3.352394788,1.851851852,0.858024691,-0.066500214
257,5446,Gavia immer,Common Loon,1,7,0,0,0,0,2,0,10,0,0,0,0,0,0,0,3.695202272,1.851851852,0.858024691,-0.066500214
255,5447,Gavia adamsii,Yellow-billed Loon,2,8,0,0,0,0,0,0,10,0,0,0,0,0,0,0,3.694108328,1.470588235,0.921568627,-0.035472318
374,5358,Mycteria americana,Wood Stork,2,8,0,0,0,0,0,0,5,5,0,0,0,0,0,0,3.407300807,1.470588235,0.921568627,-0.035472318
253,5397,Fregata magnificens,Magnificent Frigatebird,1,8,1,0,0,0,0,2,8,0,0,0,0,0,0,1,3.173337808,1.515151515,0.914141414,-0.038986615
31,5069,Anhinga anhinga,Anhinga,2,8,0,0,0,0,0,10,0,0,0,0,0,0,0,0,3.091666958,1.470588235,0.921568627,-0.035472318
437,5085,Phalacrocorax penicillatus,Brandt's Cormorant,2,8,0,0,0,0,0,10,0,0,0,0,0,0,0,1,3.347181647,1.470588235,0.921568627,-0.035472318
436,5116,Phalacrocorax pelagicus,Pelagic Cormorant,2,8,0,0,0,0,0,10,0,0,0,0,0,0,0,1,3.265749141,1.470588235,0.921568627,-0.035472318
435,5094,Phalacrocorax carbo,Great Cormorant,1,9,0,0,0,0,0,10,0,0,0,0,0,0,0,0,3.402943678,1.219512195,0.963414634,-0.016186761
434,5089,Phalacrocorax brasilianus,Neotropic Cormorant,3,7,0,0,0,0,0,10,0,0,0,0,0,0,0,0,3.093172945,1.724137931,0.879310345,-0.055857817
433,5090,Phalacrocorax auritus,Double-crested Cormorant,0,10,0,0,0,0,0,10,0,0,0,0,0,0,0,0,3.256835562,1,1,0
424,5339,Pelecanus erythrorhynchos,American White Pelican,0,10,0,0,0,0,0,10,0,0,0,0,0,0,0,0,3.748845176,1,1,0
425,5340,Pelecanus occidentalis,Brown Pelican,1,8,1,0,0,0,0,10,0,0,0,0,0,0,0,0,3.535020542,1.515151515,0.914141414,-0.038986615
74,5172,Botaurus lentiginosus,American Bittern,2,8,0,0,0,0,0,0,7,3,0,0,0,0,0,0,2.848804701,1.470588235,0.921568627,-0.035472318
299,5166,Ixobrychus exilis,Least Bittern,3,7,0,0,0,0,0,0,5,5,0,0,0,0,0,0,1.935960469,1.724137931,0.879310345,-0.055857817
46,5213,Ardea herodias,Great Blue Heron,3,7,0,0,0,0,0,0,6,4,0,0,0,0,0,0,3.40198782,1.724137931,0.879310345,-0.055857817
681,5230,Ardea alba,Great Egret,4,6,0,0,0,0,0,0,5,5,0,0,0,0,0,0,2.940182667,1.923076923,0.846153846,-0.072550667
221,5205,Egretta thula,Snowy Egret,5,5,0,0,0,0,0,0,7,3,0,0,0,0,0,0,2.56937391,2,0.833333333,-0.079181246
219,5196,Egretta caerulea,Little Blue Heron,6,4,0,0,0,0,0,0,10,0,0,0,0,0,0,0,2.52969978,1.923076923,0.846153846,-0.072550667
222,5194,Egretta tricolor,Tricoloured Heron,2,8,0,0,0,0,0,0,8,2,0,0,0,0,0,0,2.570893036,1.470588235,0.921568627,-0.035472318
220,5191,Egretta rufescens,Reddish Egret,1,9,0,0,0,0,0,0,10,0,0,0,0,0,0,0,2.788168371,1.219512195,0.963414634,-0.016186761
82,5243,Bubulcus ibis,Cattle Egret,6,3,1,0,0,0,0,0,3,7,0,0,0,0,0,0,2.563421751,2.173913043,0.804347826,-0.094556108
95,19921,Butorides virescens,Green Heron,3,7,0,0,0,0,0,0,8,2,0,0,0,0,0,0,2.30427505,1.724137931,0.879310345,-0.055857817
398,5182,Nycticorax nycticorax,Black-crowned Night-heron,3,7,0,0,0,0,0,0,5,5,0,0,0,0,0,0,2.908485019,1.724137931,0.879310345,-0.055857817
396,5181,Nyctanassa violacea,Yellow-crowned Night-heron,1,9,0,0,0,0,0,0,5,5,0,0,0,0,0,0,2.833574181,1.219512195,0.963414634,-0.016186761
240,5284,Eudocimus albus,White Ibis,1,9,0,0,0,0,0,0,4,6,0,0,0,0,0,0,2.949224065,1.219512195,0.963414634,-0.016186761
468,5288,Plegadis falcinellus,Glossy Ibis,8,2,0,0,0,0,0,0,5,5,0,0,0,0,0,0,2.796997321,1.470588235,0.921568627,-0.035472318
467,5291,Plegadis chihi,White-faced Ibis,8,2,0,0,0,0,0,0,8,2,0,0,0,0,0,0,2.79020773,1.470588235,0.921568627,-0.035472318
464,5321,Platalea minor,Black-faced Spoonbill,6,4,0,0,0,0,0,0,10,0,0,0,0,0,0,0,3.089198367,1.923076923,0.846153846,-0.072550667
463,5323,Platalea ajaja,Roseate Spoonbill,4,5,0,0,0,0,1,0,10,0,0,0,0,0,0,0,3.173186268,2.380952381,0.76984127,-0.113598811
272,5352,Gymnogyps californianus,California Condor,0,0,10,0,0,0,0,0,0,10,0,0,0,0,0,0,3.926483415,1,1,0
621,5353,Vultur gryphus,Andean Condor,0,0,10,0,0,0,0,0,0,10,0,0,0,0,0,0,4.050615596,1,1,0
185,5348,Coragyps atratus,Black Vulture,0,3,7,0,0,0,0,0,0,10,0,0,0,0,0,0,3.274548077,1.724137931,0.879310345,-0.055857817
128,5349,Cathartes aura,Turkey Vulture,0,0,10,0,0,0,0,0,0,10,0,0,0,0,0,0,3.181340429,1,1,0
408,4562,Pandion haliaetus,Osprey,0,10,0,0,0,0,0,4,6,0,0,0,0,0,0,0,3.171199717,1,1,0
225,4610,Elanus leucurus,White-tailed Kite,0,10,0,0,0,0,0,0,0,8,0,0,0,2,0,0,2.539076099,1,1,0
224,4603,Elanoides forficatus,American Swallow-tailed Kite,7,2,0,1,0,0,0,0,0,0,5,5,0,0,0,0,2.619343813,1.851851852,0.858024691,-0.066500214
42,4864,Aquila chrysaetos,Golden Eagle,0,9,1,0,0,0,0,0,0,10,0,0,0,0,0,0,3.628181441,1.219512195,0.963414634,-0.016186761
510,4614,Rostrhamus sociabilis,Snail Kite,10,0,0,0,0,0,0,0,0,10,0,0,0,0,0,0,2.564595057,1,1,0
297,4618,Ictinia mississippiensis,Mississippi Kite,9,1,0,0,0,0,0,0,0,1,1,1,1,6,0,0,2.440956285,1.219512195,0.963414634,-0.016186761
683,4696,Circus hudsonius,Northern Harrier,1,8,1,0,0,0,0,0,0,10,0,0,0,0,0,0,2.594370448,1.515151515,0.914141414,-0.038986615
4,4755,Accipiter striatus,Sharp-shinned Hawk,0,10,0,0,0,0,0,0,0,0,2.5,2.5,2.5,2.5,0,0,2.115909922,1,1,0
2,4759,Accipiter cooperii,Cooper's Hawk,0,10,0,0,0,0,0,0,0,4,2,2,1,1,0,0,2.633135032,1,1,0
3,4767,Accipiter gentilis,Northern Goshawk,0,10,0,0,0,0,0,0,0,10,0,0,0,0,0,0,2.937537951,1,1,0
276,4637,Haliaeetus leucocephalus,Bald Eagle,0,8,2,0,0,0,0,0,4,3,0,1,1,1,0,0,3.672151448,1.470588235,0.921568627,-0.035472318
94,4794,Buteogallus anthracinus,Common Black-hawk,3,7,0,0,0,0,0,0,0,4,3,1,1,1,0,0,2.989044703,1.724137931,0.879310345,-0.055857817
409,4800,Parabuteo unicinctus,Harris's Hawk,0,10,0,0,0,0,0,0,0,10,0,0,0,0,0,0,2.929561964,1,1,0
684,4816,Geranoaetus albicaudatus,White-tailed Hawk,1,8,1,0,0,0,0,0,0,10,0,0,0,0,0,0,2.946943271,1.515151515,0.914141414,-0.038986615
796,4806,Buteo plagiatus,Gray Hawk,2,8,0,0,0,0,0,0,0,0,3.33,3.33,3.33,0,0,0,2.715200828,1.470588235,0.921568627,-0.035472318
90,4808,Buteo lineatus,Red-shouldered Hawk,2,8,0,0,0,0,0,0,0,3.33,3.33,3.33,0,0,0,0,2.780835563,1.470588235,0.921568627,-0.035472318
91,4810,Buteo platypterus,Broad-winged Hawk,1,9,0,0,0,0,0,0,0,10,0,0,0,0,0,0,2.656720915,1.219512195,0.963414634,-0.016186761
87,4812,Buteo brachyurus,Short-tailed Hawk,0,10,0,0,0,0,0,0,0,0,0,0,8,2,0,0,2.695490432,1,1,0
93,4814,Buteo swainsoni,Swainson's Hawk,3,7,0,0,0,0,0,0,0,2,2,2,2,2,0,0,2.976171088,1.724137931,0.879310345,-0.055857817
86,4822,Buteo albonotatus,Zone-tailed Hawk,0,10,0,0,0,0,0,0,0,5,2,3,0,0,0,0,2.872692252,1,1,0
88,4824,Buteo jamaicensis,Red-tailed Hawk,1,9,0,0,0,0,0,0,0,0,0,3.33,3.33,3.33,0,0,3.041850427,1.219512195,0.963414634,-0.016186761
89,4840,Buteo lagopus,Rough-legged Hawk,1,9,0,0,0,0,0,0,0,10,0,0,0,0,0,0,2.977613875,1.219512195,0.963414634,-0.016186761
92,4839,Buteo regalis,Ferruginous Hawk,0,10,0,0,0,0,0,0,0,10,0,0,0,0,0,0,3.157511165,1,1,0
600,2878,Tyto alba,Barn Owl,1,9,0,0,0,0,0,0,0,9,1,0,0,0,1,0,2.605649759,1.219512195,0.963414634,-0.016186761
685,2905,Psiloscops flammeolus,Flammulated Owl,10,0,0,0,0,0,0,0,0,4,2,2,2,0,1,0,1.777426822,1,1,0
343,2932,Megascops kennicottii,Western Screech-owl,5,5,0,0,0,0,0,0,0,4,5,1,0,0,1,0,2.151737481,2,0.833333333,-0.079181246
342,2938,Megascops asio,Eastern Screech-owl,5,5,0,0,0,0,0,0,1,7,1,1,0,0,1,0,2.255248377,2,0.833333333,-0.079181246
81,2961,Bubo virginianus,Great Horned Owl,1,9,0,0,0,0,0,0,1,8,1,0,0,0,1,0,3.197473535,1.219512195,0.963414634,-0.016186761
686,2982,Bubo scandiacus,Snowy Owl,1,9,0,0,0,0,0,0,1,9,0,0,0,0,1,0,3.307230674,1.219512195,0.963414634,-0.016186761
560,3015,Surnia ulula,Northern Hawk Owl,0,10,0,0,0,0,0,0,0,8,2,0,0,0,1,0,2.50501424,1,1,0
270,3037,Glaucidium gnoma,Northern Pygmy-owl,6,4,0,0,0,0,0,0,0,9,1,0,0,0,1,0,1.787106093,1.923076923,0.846153846,-0.072550667
269,3049,Glaucidium brasilianum,Ferruginous Pygmy-owl,6,4,0,0,0,0,0,0,0,8,1,1,0,0,1,0,1.875639937,1.923076923,0.846153846,-0.072550667
359,3068,Micrathene whitneyi,Elf Owl,10,0,0,0,0,0,0,0,0,4,4,2,0,0,1,0,1.612783857,1,1,0
52,3072,Athene cunicularia,Burrowing Owl,2,8,0,0,0,0,0,0,0,8,1,1,0,0,1,0,2.177853809,1.470588235,0.921568627,-0.035472318
555,2997,Strix varia,Barred Owl,1,9,0,0,0,0,0,0,1,6,2,1,0,0,1,0,2.8521688,1.219512195,0.963414634,-0.016186761
50,3111,Asio flammeus,Short-eared Owl,0,10,0,0,0,0,0,0,0,9,0,1,0,0,1,0,2.508677825,1,1,0
10,3075,Aegolius acadicus,Northern Saw-whet Owl,2,8,0,0,0,0,0,0,0,9,1,0,0,0,1,0,2.002986341,1.470588235,0.921568627,-0.035472318
584,1438,Trogon elegans,Elegant Trogon,5,0,0,5,0,0,0,0,0,0,0,3,7,0,0,0,1.850584976,2,0.833333333,-0.079181246
341,1642,Megaceryle torquata,Ringed Kingfisher,2,8,0,0,0,0,0,9,0,1,0,0,0,0,0,0,2.501059262,1.470588235,0.921568627,-0.035472318
340,1641,Megaceryle alcyon,Belted Kingfisher,1,9,0,0,0,0,0,4,4,1,1,0,0,0,0,0,2.170261715,1.219512195,0.963414634,-0.016186761
152,1645,Chloroceryle americana,Green Kingfisher,4,6,0,0,0,0,0,7,1,1,1,0,0,0,0,0,1.528016341,1.923076923,0.846153846,-0.072550667
536,903,Sphyrapicus thyroideus,Williamson's Sapsucker,5,0,0,2,3,0,0,0,0,1,2,5,2,0,0,0,1.677606953,2.631578947,0.728070175,-0.137826759
537,900,Sphyrapicus varius,Yellow-bellied Sapsucker,5,0,0,1,3,1,0,0,0,0,3,4,3,0,0,0,1.701567985,2.777777778,0.703703704,-0.152610163
534,901,Sphyrapicus nuchalis,Red-naped Sapsucker,5,0,0,1,3,1,0,0,0,0,2,4,4,0,0,0,1.685652184,2.777777778,0.703703704,-0.152610163
535,902,Sphyrapicus ruber,Red-breasted Sapsucker,7,0,0,0,0,0,3,0,0,0,0,2,8,0,0,0,1.7387013,1.724137931,0.879310345,-0.055857817
348,878,Melanerpes lewis,Lewis's Woodpecker,6,0,0,0,2,2,0,0,0,0,5,5,0,0,0,0,2.024321442,2.272727273,0.787878788,-0.103540592
346,881,Melanerpes erythrocephalus,Red-headed Woodpecker,6,1,0,0,0,2,1,0,0,2,2,6,0,0,0,0,1.854913022,2.380952381,0.76984127,-0.113598811
347,882,Melanerpes formicivorus,Acorn Woodpecker,2,0,0,1,1,6,0,0,0,0,0,4,6,0,0,0,1.901022173,2.380952381,0.76984127,-0.113598811
349,894,Melanerpes uropygialis,Gila Woodpecker,4,2,0,2,1,1,0,0,0,2,2,4,2,0,0,0,1.8106357,3.846153846,0.525641026,-0.279310746
344,897,Melanerpes aurifrons,Golden-fronted Woodpecker,4,1,0,3,0,2,0,0,0,2,2,6,0,0,0,0,1.907250083,3.333333333,0.611111111,-0.21387982
345,895,Melanerpes carolinus,Red-bellied Woodpecker,3,2,0,2,1,2,0,0,0,0,0,2,6,2,0,0,1.841984805,4.545454545,0.409090909,-0.388180171
452,969,Picoides dorsalis,American Three-toed Woodpecker,9,0,0,0,1,0,0,0,0,1,2,7,0,0,0,0,1.740757323,1.219512195,0.963414634,-0.016186761
451,970,Picoides arcticus,Black-backed Woodpecker,7,0,0,1,1,1,0,0,0,0,8,2,0,0,0,0,1.840357059,1.923076923,0.846153846,-0.072550667
688,960,Dryobates pubescens,Downy Woodpecker,8,0,0,1,0,1,0,0,0,0,2,4,4,0,0,0,1.407390904,1.515151515,0.914141414,-0.038986615
689,958,Dryobates nuttallii,Nuttall's Woodpecker,7,0,0,1,1,1,0,0,0,2,4,4,0,0,0,0,1.572755465,1.923076923,0.846153846,-0.072550667
690,959,Dryobates scalaris,Ladder-backed Woodpecker,8,0,0,2,0,0,0,0,0,1,3,3,3,0,0,0,1.499549626,1.470588235,0.921568627,-0.035472318
691,961,Dryobates borealis,Red-cockaded Woodpecker,7,0,0,2,0,1,0,0,0,0,5,5,0,0,0,0,1.68115075,1.851851852,0.858024691,-0.066500214
692,965,Dryobates villosus,Hairy Woodpecker,7,0,0,1,1,1,0,0,0,2,3,5,0,0,0,0,1.796921075,1.923076923,0.846153846,-0.072550667
693,966,Dryobates albolarvatus,White-headed Woodpecker,7,0,0,0,1,2,0,0,0,1,4,4,1,0,0,0,1.78582792,1.851851852,0.858024691,-0.066500214
694,19826,Dryobates arizonae,Arizona Woodpecker,8,0,0,1,0,1,0,0,0,0,5,5,0,0,0,0,1.611404638,1.515151515,0.914141414,-0.038986615
217,1021,Dryocopus pileatus,Pileated Woodpecker,7,0,0,2,0,1,0,0,0,2,3,3,2,0,0,0,2.457261032,1.851851852,0.858024691,-0.066500214
169,1001,Colaptes auratus,Northern Flicker,7,0,0,2,0,1,0,0,0,10,0,0,0,0,0,0,2.118793628,1.851851852,0.858024691,-0.066500214
170,1003,Colaptes chrysoides,Gilded Flicker,6,0,0,2,0,2,0,0,0,6,2,2,0,0,0,0,2.045322979,2.272727273,0.787878788,-0.103540592
123,19915,Caracara cheriway,Crested Caracara,2,2,6,0,0,0,0,0,0,10,0,0,0,0,0,0,3.032868469,2.272727273,0.787878788,-0.103540592
251,4950,Falco sparverius,American Kestrel,6,4,0,0,0,0,0,0,0,5,4,1,0,0,0,0,2.059222513,1.923076923,0.846153846,-0.072550667
247,4963,Falco columbarius,Merlin,2,8,0,0,0,0,0,0,0,0,3.33,3.33,0,3.33,0,0,2.275311355,1.470588235,0.921568627,-0.035472318
248,4962,Falco femoralis,Aplomado Falcon,5,5,0,0,0,0,0,0,0,3,3,2,1,1,0,0,2.526028956,2,0.833333333,-0.079181246
250,4980,Falco peregrinus,Peregrine Falcon,1,9,0,0,0,0,0,0,0,2,2,2,2,2,0,0,2.880785019,1.219512195,0.963414634,-0.016186761
249,4979,Falco mexicanus,Prairie Falcon,0,10,0,0,0,0,0,0,0,7,2,1,0,0,0,0,2.853132165,1,1,0
390,2226,Myiopsitta monachus,Monk Parakeet,1,0,0,3,0,3,3,0,0,2,2,4,2,0,0,0,2.079181246,3.571428571,0.571428571,-0.243038049
80,2240,Brotogeris versicolurus,White-winged Parakeet,0,0,0,5,0,5,0,0,0,0,5,5,0,0,0,0,1.854488225,2,0.833333333,-0.079181246
79,2241,Brotogeris chiriri,Yellow-chevroned Parakeet,0,0,0,5,1,2,2,0,0,3,3,2,2,0,0,0,1.789580712,2.941176471,0.676470588,-0.169751081
21,2288,Amazona viridigenalis,Red-crowned Amazon,0,0,0,3,0,3,4,0,0,2,2,4,2,0,0,0,2.499687083,2.941176471,0.676470588,-0.169751081
695,2194,Aratinga nenday,Nanday Parakeet,0,0,0,3,0,3,4,0,0,10,0,0,0,0,0,0,2.10720997,2.941176471,0.676470588,-0.169751081
407,6242,Pachyramphus aglaiae,Rose-throated Becard,5,0,0,3,0,2,0,0,0,0,5,5,0,0,0,0,1.472610198,2.631578947,0.728070175,-0.137826759
121,5848,Camptostoma imberbe,Northern Beardless-tyrannulet,7,0,0,3,0,0,0,0,0,0,2,3,5,0,0,0,0.86923172,1.724137931,0.879310345,-0.055857817
179,6019,Contopus cooperi,Olive-sided Flycatcher,10,0,0,0,0,0,0,0,0,0,5,5,0,0,0,0,1.506505032,1,1,0
180,6022,Contopus pertinax,Greater Pewee,9,0,0,1,0,0,0,0,0,0,0,10,0,0,0,0,1.434568904,1.219512195,0.963414634,-0.016186761
181,6027,Contopus sordidulus,Western Wood-pewee,9,0,0,1,0,0,0,0,0,3.33,3.33,3.33,0,0,0,0,1.117271296,1.219512195,0.963414634,-0.016186761
182,6028,Contopus virens,Eastern Wood-pewee,9,0,0,1,0,0,0,0,0,3.33,3.33,3.33,0,0,0,0,1.1430148,1.219512195,0.963414634,-0.016186761
229,6036,Empidonax flaviventris,Yellow-bellied Flycatcher,9,0,0,1,0,0,0,0,0,2,8,0,0,0,0,0,1.071882007,1.219512195,0.963414634,-0.016186761
236,6037,Empidonax virescens,Acadian Flycatcher,8,0,0,2,0,0,0,0,0,0,3.33,3.33,3.33,0,0,0,1.100370545,1.470588235,0.921568627,-0.035472318
227,6038,Empidonax alnorum,Alder Flycatcher,8,0,0,2,0,0,0,0,0,0,0,10,0,0,0,0,1.103803721,1.470588235,0.921568627,-0.035472318
235,6040,Empidonax traillii,Willow Flycatcher,9,0,0,1,0,0,0,0,0,0,8,2,0,0,0,0,1.126780577,1.219512195,0.963414634,-0.016186761
232,6042,Empidonax minimus,Least Flycatcher,9,0,0,1,0,0,0,0,0,0,8,2,0,0,0,0,1,1.219512195,0.963414634,-0.016186761
231,6043,Empidonax hammondii,Hammond's Flycatcher,10,0,0,0,0,0,0,0,0,3.33,3.33,3.33,0,0,0,0,1.018700499,1,1,0
237,6044,Empidonax wrightii,Grey Flycatcher,9,0,0,1,0,0,0,0,0,5,5,0,0,0,0,0,1.089905111,1.219512195,0.963414634,-0.016186761
233,6045,Empidonax oberholseri,American Dusky Flycatcher,10,0,0,0,0,0,0,0,0,2,8,0,0,0,0,0,1.017033339,1,1,0
228,6047,Empidonax difficilis,Pacific-slope Flycatcher,9,0,0,1,0,0,0,0,0,0,3,7,0,0,0,0,1.029383778,1.219512195,0.963414634,-0.016186761
234,6048,Empidonax occidentalis,Cordilleran Flycatcher,9,0,0,1,0,0,0,0,0,3,3,4,0,0,0,0,1.064457989,1.219512195,0.963414634,-0.016186761
230,6050,Empidonax fulvifrons,Buff-breasted Flycatcher,10,0,0,0,0,0,0,0,0,0,3,6,1,0,0,0,0.897627091,1,1,0
513,6054,Sayornis nigricans,Black Phoebe,10,0,0,0,0,0,0,0,0,0,8,2,0,0,0,0,1.270212855,1,1,0
514,6052,Sayornis phoebe,Eastern Phoebe,9,0,0,1,0,0,0,0,0,0,5,5,0,0,0,0,1.294466226,1.219512195,0.963414634,-0.016186761
515,6053,Sayornis saya,Say's Phoebe,9,0,0,1,0,0,0,0,0,5,5,0,0,0,0,0,1.320146286,1.219512195,0.963414634,-0.016186761
494,6058,Pyrocephalus rubinus,Vermilion Flycatcher,10,0,0,0,0,0,0,0,0,0,5,5,0,0,0,0,1.158362492,1,1,0
378,6156,Myiarchus tuberculifer,Dusky-capped Flycatcher,8,0,0,1,0,1,0,0,0,0,3.33,3.33,3.33,0,0,0,1.247973266,1.515151515,0.914141414,-0.038986615
376,6166,Myiarchus cinerascens,Ash-throated Flycatcher,7,1,0,2,0,0,0,0,0,0,7,3,0,0,0,0,1.450249108,1.851851852,0.858024691,-0.066500214
377,6168,Myiarchus crinitus,Great Crested Flycatcher,6,0,0,4,0,0,0,0,0,10,0,0,0,0,0,0,1.506505032,1.923076923,0.846153846,-0.072550667
379,6169,Myiarchus tyrannulus,Brown-crested Flycatcher,7,1,0,2,0,0,0,0,0,2,8,0,0,0,0,0,1.54961624,1.851851852,0.858024691,-0.066500214
462,6219,Pitangus sulphuratus,Great Kiskadee,4,3,0,3,0,0,0,0,0,5,4,1,0,0,0,0,1.798305282,2.941176471,0.676470588,-0.169751081
388,6212,Myiodynastes luteiventris,Sulphur-bellied Flycatcher,4,0,0,3,0,3,0,0,0,0,0,0,5,5,0,0,1.671172843,2.941176471,0.676470588,-0.169751081
594,6187,Tyrannus melancholicus,Tropical Kingbird,10,0,0,0,0,0,0,0,0,0,0,5,5,0,0,0,1.572871602,1,1,0
590,6189,Tyrannus couchii,Couch's Kingbird,8,0,0,2,0,0,0,0,0,0,0,10,0,0,0,0,1.591064607,1.470588235,0.921568627,-0.035472318
599,6190,Tyrannus vociferans,Cassin's Kingbird,8,1,0,1,0,0,0,0,0,0,2,8,0,0,0,0,1.658964843,1.515151515,0.914141414,-0.038986615
591,6191,Tyrannus crassirostris,Thick-billed Kingbird,8,0,0,0,0,2,0,0,0,0,0,4,3,3,0,0,1.74733411,1.470588235,0.921568627,-0.035472318
598,6192,Tyrannus verticalis,Western Kingbird,9,0,0,1,0,0,0,0,0,3,3,4,0,0,0,0,1.597695186,1.219512195,0.963414634,-0.016186761
597,6195,Tyrannus tyrannus,Eastern Kingbird,7,1,0,1,0,1,0,0,0,0,8,2,0,0,0,0,1.600428326,1.923076923,0.846153846,-0.072550667
592,6196,Tyrannus dominicensis,Grey Kingbird,6,1,0,3,0,0,0,0,0,4,3,3,0,0,0,0,1.667452953,2.173913043,0.804347826,-0.094556108
593,6193,Tyrannus forficatus,Scissor-tailed Flycatcher,6,0,0,2,0,2,0,0,0,2,2,6,0,0,0,0,1.59439255,2.272727273,0.787878788,-0.103540592
596,6194,Tyrannus savana,Fork-tailed Flycatcher,7,0,0,3,0,0,0,0,0,5,5,0,0,0,0,0,1.503790683,1.724137931,0.879310345,-0.055857817
606,7757,Vireo atricapilla,Black-capped Vireo,9,0,0,0,0,1,0,0,0,0,8,2,0,0,0,0,0.953759692,1.219512195,0.963414634,-0.016186761
612,7763,Vireo griseus,White-eyed Vireo,7,0,0,1,0,0,2,0,0,0,4,4,2,0,0,0,1.056904851,1.851851852,0.858024691,-0.066500214
607,7756,Vireo bellii,Bell's Vireo,9,0,0,1,0,0,0,0,0,0,5,5,0,0,0,0,0.929418926,1.219512195,0.963414634,-0.016186761
619,7779,Vireo vicinior,Grey Vireo,7,0,0,0,0,0,3,0,0,0,5,5,0,0,0,0,1.10720997,1.724137931,0.879310345,-0.055857817
613,7759,Vireo huttoni,Hutton's Vireo,7,0,0,2,1,0,0,0,0,0,1,7,2,0,0,0,1.053078443,1.851851852,0.858024691,-0.066500214
609,7789,Vireo flavifrons,Yellow-throated Vireo,7,0,0,3,0,0,0,0,0,0,1,5,4,0,0,0,1.255272505,1.724137931,0.879310345,-0.055857817
608,7785,Vireo cassinii,Cassin's Vireo,7,0,0,0,0,2,1,0,0,0,2,4,4,0,0,0,1.167317335,1.851851852,0.858024691,-0.066500214
618,7787,Vireo solitarius,Blue-headed Vireo,7,0,0,3,0,0,0,0,0,0,2,4,4,0,0,0,1.184691431,1.724137931,0.879310345,-0.055857817
617,7786,Vireo plumbeus,Plumbeous Vireo,7,0,0,3,0,0,0,0,0,0,2,4,4,0,0,0,1.214843848,1.724137931,0.879310345,-0.055857817
616,7790,Vireo philadelphicus,Philadelphia Vireo,7,0,0,2,0,1,0,0,0,0,0,5,5,0,0,0,1.06069784,1.851851852,0.858024691,-0.066500214
611,7803,Vireo gilvus,Warbling Vireo,8,0,0,1,0,0,1,0,0,0,2,3,5,0,0,0,1.102776615,1.515151515,0.914141414,-0.038986615
614,7791,Vireo olivaceus,Red-eyed Vireo,6,0,0,2,0,2,0,0,0,0,0,2,8,0,0,0,1.205745541,2.272727273,0.787878788,-0.103540592
610,7795,Vireo flavoviridis,Yellow-green Vireo,6,0,0,4,0,0,0,0,0,0,0,3,7,0,0,0,1.245265839,1.923076923,0.846153846,-0.072550667
605,7797,Vireo altiloquus,Black-whiskered Vireo,6,0,0,2,0,2,0,0,0,0,0,2,8,0,0,0,1.278067331,2.272727273,0.787878788,-0.103540592
307,7710,Lanius cristatus,Brown Shrike,8,2,0,0,0,0,0,0,0,8,1,1,0,0,0,0,1.50758604,1.470588235,0.921568627,-0.035472318
308,7719,Lanius ludovicianus,Loggerhead Shrike,7,2,1,0,0,0,0,0,0,8,1,1,0,0,0,0,1.712565528,1.851851852,0.858024691,-0.066500214
798,7721,Lanius borealis,Northern Shrike,1,7,1,1,0,0,0,0,0,10,0,0,0,0,0,0,1.802157753,1.923076923,0.846153846,-0.072550667
427,8036,Perisoreus canadensis,Grey Jay,4,2,0,3,0,0,1,0,0,6,2,2,0,0,0,0,1.854791694,3.333333333,0.611111111,-0.21387982
201,8019,Cyanocorax yncas,Green Jay,4,2,0,4,0,0,0,0,0,0,7,3,0,0,0,0,1.894869657,2.777777778,0.703703704,-0.152610163
273,7976,Gymnorhinus cyanocephalus,Pinyon Jay,3,3,0,0,0,4,0,0,0,2,2,3,3,0,0,0,2.020444155,2.941176471,0.676470588,-0.169751081
199,7978,Cyanocitta stelleri,Steller's Jay,2,4,0,2,0,2,0,0,0,4,2,2,2,0,0,0,2.10720997,3.571428571,0.571428571,-0.243038049
198,7977,Cyanocitta cristata,Blue Jay,2,2,0,2,0,4,0,0,0,4,2,2,2,0,0,0,1.944482672,3.571428571,0.571428571,-0.243038049
39,7989,Aphelocoma coerulescens,Florida Scrub-jay,2,3,1,2,0,2,0,0,0,8,1,1,0,0,0,0,1.887167021,4.545454545,0.409090909,-0.388180171
40,7982,Aphelocoma insularis,Island Scrub-jay,2,2,0,1,0,5,0,0,0,8,1,1,0,0,0,0,2.063633545,2.941176471,0.676470588,-0.169751081
38,7983,Aphelocoma californica,Western Scrub-jay,2,3,1,2,0,2,0,0,0,8,1,1,0,0,0,0,1.933183479,4.545454545,0.409090909,-0.388180171
799,7983,Aphelocoma woodhouseii,Woodhouse's Scrub-Jay,2,3,1,2,0,2,0,0,0,8,1,1,0,0,0,0,1.933183479,4.545454545,0.409090909,-0.388180171
696,7990,Aphelocoma wollweberi,Mexican Jay,1,2,1,2,2,2,0,0,0,6,1,3,0,0,0,0,2.054344889,5.555555556,0.240740741,-0.618450408
449,19563,Pica hudsonia,Black-billed Magpie,3,2,3,0,0,0,2,0,0,7,1,1,0,1,0,0,2.248267604,3.846153846,0.525641026,-0.279310746
450,8061,Pica nuttalli,Yellow-billed Magpie,3,4,1,1,0,1,0,0,0,7,2,1,0,0,0,0,2.199453479,3.571428571,0.571428571,-0.243038049
392,8068,Nucifraga columbiana,Clark's Nutcracker,2,2,1,0,0,5,0,0,0,6,1,2,1,0,0,0,2.11330815,2.941176471,0.676470588,-0.169751081
187,8093,Corvus brachyrhynchos,American Crow,2,3,2,2,0,1,0,0,0,8,2,0,0,0,0,0,2.652014139,4.545454545,0.409090909,-0.388180171
188,8092,Corvus caurinus,North-western Crow,3,2,2,3,0,0,0,0,0,8,2,0,0,0,0,0,2.591943442,3.846153846,0.525641026,-0.279310746
191,8094,Corvus ossifragus,Fish Crow,3,1,2,2,0,2,0,0,0,9,1,0,0,0,0,0,2.454234896,4.545454545,0.409090909,-0.388180171
190,8120,Corvus cryptoleucus,Chihuahuan Raven,3,4,1,1,0,1,0,0,0,9,1,0,0,0,0,0,2.727166984,3.571428571,0.571428571,-0.243038049
189,8124,Corvus corax,Common Raven,1,4,2,1,0,1,1,0,0,8,0,1,0,1,0,0,2.967533936,4.166666667,0.472222222,-0.325853579
699,9879,Poecile carolinensis,Carolina Chickadee,6,0,0,0,0,4,0,0,0,0,5,5,0,0,0,0,0.999565488,1.923076923,0.846153846,-0.072550667
700,9881,Poecile atricapillus,Black-capped Chickadee,6,0,0,2,0,2,0,0,0,0,2,8,0,0,0,0,1.033423755,2.272727273,0.787878788,-0.103540592
701,9882,Poecile gambeli,Mountain Chickadee,6,0,0,2,0,2,0,0,0,0,2,8,0,0,0,0,1.048830087,2.272727273,0.787878788,-0.103540592
702,9884,Poecile sclateri,Mexican Chickadee,8,0,0,0,0,2,0,0,0,0,2,8,0,0,0,0,1.003891166,1.470588235,0.921568627,-0.035472318
703,9889,Poecile rufescens,Chestnut-backed Chickadee,6,0,0,2,0,2,0,0,0,0,3,4,3,0,0,0,0.972665592,2.272727273,0.787878788,-0.103540592
704,9888,Poecile hudsonicus,Boreal Chickadee,6,0,0,2,0,2,0,0,0,0,0,4,6,0,0,0,0.991226076,2.272727273,0.787878788,-0.103540592
63,9949,Baeolophus wollweberi,Bridled Titmouse,10,0,0,0,0,0,0,0,0,0,2,8,0,0,0,0,1.017033339,1,1,0
61,9951,Baeolophus inornatus,Oak Titmouse,6,0,0,0,1,1,2,0,0,0,2,8,0,0,0,0,1.200576927,2.380952381,0.76984127,-0.113598811
62,9952,Baeolophus ridgwayi,Juniper Titmouse,6,0,0,0,1,1,2,0,0,2,3,5,0,0,0,0,1.200303183,2.380952381,0.76984127,-0.113598811
60,9954,Baeolophus bicolor,Tufted Titmouse,6,0,0,0,0,4,0,0,0,2,2,4,2,0,0,0,1.334453751,1.923076923,0.846153846,-0.072550667
59,9955,Baeolophus atricristatus,Black-crested Titmouse,6,0,0,2,0,2,0,0,0,2,2,4,2,0,0,0,1.243038049,2.272727273,0.787878788,-0.103540592
411,9922,Parus major,Great Tit,4,0,1,2,1,2,0,0,0,0,2,6,2,0,0,0,1.210853365,3.846153846,0.525641026,-0.279310746
53,9793,Auriparus flaviceps,Verdin,7,0,0,1,1,1,0,0,0,7,3,0,0,0,0,0,0.832508913,1.923076923,0.846153846,-0.072550667
238,11535,Eremophila alpestris,Horned Lark,5,0,0,0,0,5,0,0,0,10,0,0,0,0,0,0,1.522835314,2,0.833333333,-0.079181246
493,10021,Pygochelidon cyanoleuca,Blue-and-white Swallow,10,0,0,0,0,0,0,0,0,0,0,10,0,0,0,0,0.986771734,1,1,0
545,10039,Stelgidopteryx serripennis,Northern Rough-winged Swallow,10,0,0,0,0,0,0,0,0,3,7,0,0,0,0,0,1.195622944,1,1,0
486,10005,Progne subis,Purple Martin,10,0,0,0,0,0,0,0,0,2,2,2,2,2,0,0,1.730701544,1,1,0
485,19569,Progne elegans,Southern Martin,10,0,0,0,0,0,0,0,0,0,3,2,2,3,0,0,1.704150517,1,1,0
487,10015,Progne tapera,Brown-chested Martin,10,0,0,0,0,0,0,0,0,0,3,2,2,3,0,0,1.505149978,1,1,0
566,9992,Tachycineta bicolor,Tree Swallow,9,0,0,1,0,0,0,0,0,2,2,2,2,2,0,0,1.326335861,1.219512195,0.963414634,-0.016186761
567,9999,Tachycineta thalassina,Violet-green Swallow,10,0,0,0,0,0,0,0,0,2,2,2,2,2,0,0,1.150449409,1,1,0
509,10052,Riparia riparia,Sand Martin,10,0,0,0,0,0,0,0,0,0,4,6,0,0,0,0,1.103119254,1,1,0
282,10074,Hirundo rustica,Barn Swallow,8,0,0,1,0,1,0,0,0,3,3,4,0,0,0,0,1.253095586,1.515151515,0.914141414,-0.038986615
429,10121,Petrochelidon pyrrhonota,Cliff Swallow,10,0,0,0,0,0,0,0,0,0,0,0,0,10,0,0,1.334453751,1,1,0
428,10124,Petrochelidon fulva,Cave Swallow,10,0,0,0,0,0,0,0,0,0,0,0,0,10,0,0,1.277609214,1,1,0
447,10958,Phylloscopus borealis,Arctic Warbler,10,0,0,0,0,0,0,0,0,0,5,0,5,0,0,0,1.03702788,1,1,0
491,9976,Psaltriparus minimus,Bushtit,7,0,0,1,0,1,1,0,0,0,5,5,0,0,0,0,0.72427587,1.923076923,0.846153846,-0.072550667
143,11374,Chamaea fasciata,Wrentit,5,0,0,3,0,2,0,0,0,0,8,2,0,0,0,0,1.168202747,2.631578947,0.728070175,-0.137826759
505,10163,Regulus satrapa,Golden-crowned Kinglet,10,0,0,0,0,0,0,0,0,0,5,5,0,0,0,0,0.791690649,1,1,0
503,10158,Regulus calendula,Ruby-crowned Kinglet,8,0,0,0,0,2,0,0,0,0,5,5,0,0,0,0,0.791690649,1.470588235,0.921568627,-0.035472318
528,9634,Sitta canadensis,Red-breasted Nuthatch,5,0,0,0,0,5,0,0,0,0,3.33,3.33,3.33,0,0,0,0.991226076,2,0.833333333,-0.079181246
529,9636,Sitta carolinensis,White-breasted Nuthatch,5,0,0,0,0,5,0,0,0,0,3.33,3.33,3.33,0,0,0,1.322219295,2,0.833333333,-0.079181246
531,9627,Sitta pygmaea,Pygmy Nuthatch,6,0,0,0,0,4,0,0,0,0,0,4,6,0,0,0,1.025305865,1.923076923,0.846153846,-0.072550667
530,9628,Sitta pusilla,Brown-headed Nuthatch,6,0,0,0,0,4,0,0,0,0,0,4,6,0,0,0,1.008600172,1.923076923,0.846153846,-0.072550667
139,9656,Certhia americana,American Treecreeper,7,0,0,0,0,2,1,0,0,1,3,3,3,0,0,0,0.908485019,1.851851852,0.858024691,-0.066500214
478,9801,Polioptila caerulea,Blue-grey Gnatcatcher,10,0,0,0,0,0,0,0,0,0,5,5,0,0,0,0,0.763427994,1,1,0
479,9802,Polioptila californica,California Gnatcatcher,10,0,0,0,0,0,0,0,0,0,5,5,0,0,0,0,0.764922985,1,1,0
480,9803,Polioptila melanura,Black-tailed Gnatcatcher,10,0,0,0,0,0,0,0,0,0,5,5,0,0,0,0,0.716003344,1,1,0
512,9687,Salpinctes obsoletus,Rock Wren,8,2,0,0,0,0,0,0,0,10,0,0,0,0,0,0,1.214048679,1.470588235,0.921568627,-0.035472318
135,9689,Catherpes mexicanus,Canyon Wren,10,0,0,0,0,0,0,0,0,10,0,0,0,0,0,0,1.07809415,1,1,0
583,9753,Troglodytes aedon,House Wren,8,0,0,0,0,0,2,0,0,0,10,0,0,0,0,0,1.035429738,1.470588235,0.921568627,-0.035472318
801,9750,Troglodytes pacificus,Pacific Wren,6,2,0,1,0,1,0,0,0,5,5,0,0,0,0,0,0.988558957,2.380952381,0.76984127,-0.113598811
706,9750,Troglodytes hiemalis,Winter Wren,6,2,0,1,0,1,0,0,0,5,5,0,0,0,0,0,0.988558957,2.380952381,0.76984127,-0.113598811
161,9703,Cistothorus platensis,Sedge Wren,10,0,0,0,0,0,0,0,0,0,10,0,0,0,0,0,0.95616843,1,1,0
160,9708,Cistothorus palustris,Marsh Wren,10,0,0,0,0,0,0,0,0,0,10,0,0,0,0,0,1.033423755,1,1,0
571,9735,Thryothorus ludovicianus,Carolina Wren,6,2,0,1,0,1,0,0,0,4,4,2,0,0,0,0,1.277838333,2.380952381,0.76984127,-0.113598811
570,9713,Thryomanes bewickii,Bewick's Wren,8,0,0,2,0,0,0,0,0,5,5,0,0,0,0,0,0.995635195,1.470588235,0.921568627,-0.035472318
122,9671,Campylorhynchus brunneicapillus,Cactus Wren,7,2,0,0,0,1,0,0,0,5,5,0,0,0,0,0,1.589949601,1.851851852,0.858024691,-0.066500214
159,8774,Cinclus mexicanus,American Dipper,8,2,0,0,0,0,0,4,4,2,0,0,0,0,0,0,1.753429842,1.470588235,0.921568627,-0.035472318
559,9510,Sturnus vulgaris,Common Starling,2,1,1,3,1,2,0,0,0,8,2,0,0,0,0,0,1.887279635,5,0.333333333,-0.477121255
5,9523,Acridotheres tristis,Common Myna,4,3,0,1,1,1,0,0,0,7,2,1,0,0,0,0,2.066064897,3.571428571,0.571428571,-0.243038049
218,9557,Dumetella carolinensis,Grey Catbird,6,0,0,4,0,0,0,0,0,0,8,2,0,0,0,0,1.547774705,1.923076923,0.846153846,-0.072550667
575,9588,Toxostoma curvirostre,Curve-billed Thrasher,5,0,0,3,0,2,0,0,0,10,0,0,0,0,0,0,1.906011625,2.631578947,0.728070175,-0.137826759
579,9583,Toxostoma rufum,Brown Thrasher,5,0,0,3,0,2,0,0,0,8,2,0,0,0,0,0,1.837588438,2.631578947,0.728070175,-0.137826759
577,9584,Toxostoma longirostre,Long-billed Thrasher,7,0,0,3,0,0,0,0,0,8,2,0,0,0,0,0,1.829946696,1.724137931,0.879310345,-0.055857817
573,9586,Toxostoma bendirei,Bendire's Thrasher,5,0,0,3,0,2,0,0,0,10,0,0,0,0,0,0,1.793720557,2.631578947,0.728070175,-0.137826759
578,9592,Toxostoma redivivum,California Thrasher,5,0,0,5,0,0,0,0,0,10,0,0,0,0,0,0,1.926342447,2,0.833333333,-0.079181246
576,9590,Toxostoma lecontei,Le Conte's Thrasher,9,0,0,0,0,1,0,0,0,10,0,0,0,0,0,0,1.791690649,1.219512195,0.963414634,-0.016186761
574,9593,Toxostoma crissale,Crissal Thrasher,8,0,0,1,0,1,0,0,0,5,5,0,0,0,0,0,1.797267541,1.515151515,0.914141414,-0.038986615
403,9579,Oreoscoptes montanus,Sage Thrasher,8,0,0,1,0,1,0,0,0,10,0,0,0,0,0,0,1.645422269,1.515151515,0.914141414,-0.038986615
362,9564,Mimus polyglottos,Northern Mockingbird,5,0,0,5,0,0,0,0,0,7,3,0,0,0,0,0,1.685741739,2,0.833333333,-0.079181246
527,8871,Sialia sialis,Eastern Bluebird,7,0,0,3,0,0,0,0,0,10,0,0,0,0,0,0,1.439332694,1.724137931,0.879310345,-0.055857817
526,8872,Sialia mexicana,Western Bluebird,7,0,0,2,0,1,0,0,0,10,0,0,0,0,0,0,1.422261451,1.851851852,0.858024691,-0.066500214
525,8873,Sialia currucoides,Mountain Bluebird,6,0,0,3,0,1,0,0,0,10,0,0,0,0,0,0,1.471291711,2.173913043,0.804347826,-0.094556108
373,8880,Myadestes townsendi,Townsend's Solitaire,5,0,0,2,0,2,1,0,0,0,0,6,2,2,0,0,1.521138084,2.941176471,0.676470588,-0.169751081
707,8836,Ixoreus naevius,Varied Thrush,3,0,0,7,0,0,0,0,0,8,2,0,0,0,0,0,1.889301703,1.724137931,0.879310345,-0.055857817
129,8895,Catharus aurantiirostris,Orange-billed Nightingale-thrush,5,0,0,3,0,2,0,0,0,8,2,0,0,0,0,0,1.474216264,2.631578947,0.728070175,-0.137826759
131,8902,Catharus fuscescens,Veery,5,0,0,4,0,1,0,0,0,10,0,0,0,0,0,0,1.503790683,2.380952381,0.76984127,-0.113598811
133,8903,Catharus minimus,Grey-cheeked Thrush,8,0,0,2,0,0,0,0,0,8,0,1,1,0,0,0,1.499412126,1.470588235,0.921568627,-0.035472318
130,8904,Catharus bicknelli,Bicknell's Thrush,9,0,0,1,0,0,0,0,0,8,2,0,0,0,0,0,1.443888547,1.219512195,0.963414634,-0.016186761
134,8906,Catharus ustulatus,Swainson's Thrush,6,0,0,4,0,0,0,0,0,5,5,0,0,0,0,0,1.481442629,1.923076923,0.846153846,-0.072550667
132,8909,Catharus guttatus,Hermit Thrush,8,0,0,2,0,0,0,0,0,5,5,0,0,0,0,0,1.478566496,1.470588235,0.921568627,-0.035472318
285,8910,Hylocichla mustelina,Wood Thrush,6,0,0,4,0,0,0,0,0,8,2,0,0,0,0,0,1.699751032,1.923076923,0.846153846,-0.072550667
585,8996,Turdus grayi,Clay-coloured Thrush,3,1,0,6,0,0,0,0,0,0,2,8,0,0,0,0,1.900367129,2.173913043,0.804347826,-0.094556108
586,9007,Turdus migratorius,American Robin,5,0,0,5,0,0,0,0,0,2,4,4,0,0,0,0,1.894869657,2,0.833333333,-0.079181246
400,9353,Oenanthe oenanthe,Northern Wheatear,7,0,0,2,0,1,0,0,0,10,0,0,0,0,0,0,1.404662701,1.851851852,0.858024691,-0.066500214
72,8766,Bombycilla garrulus,Bohemian Waxwing,3,0,0,5,0,0,2,0,0,0,4,4,0,2,0,0,1.735678726,2.631578947,0.728070175,-0.137826759
71,8768,Bombycilla cedrorum,Cedar Waxwing,2,0,0,7,0,0,1,0,0,0,4,4,0,2,0,0,1.499412126,1.851851852,0.858024691,-0.066500214
432,8762,Phainopepla nitens,Phainopepla,4,0,0,6,0,0,0,0,0,0,4,4,0,2,0,0,1.344392274,1.923076923,0.846153846,-0.072550667
431,12242,Peucedramus taeniatus,Olive Warbler,10,0,0,0,0,0,0,0,0,0,10,0,0,0,0,0,1.041392685,1,1,0
334,12181,Lonchura punctulata,Scaly-breasted Munia,1,0,0,2,0,5,2,0,0,5,5,0,0,0,0,0,1.133538908,2.941176471,0.676470588,-0.169751081
412,11753,Passer domesticus,House Sparrow,1,0,0,0,0,6,3,0,0,5,5,0,0,0,0,0,1.423409728,2.173913043,0.804347826,-0.094556108
413,11778,Passer montanus,Eurasian Tree Sparrow,4,0,0,0,0,6,0,0,0,3.33,3.33,3.33,0,0,0,0,1.330210785,1.923076923,0.846153846,-0.072550667
368,11828,Motacilla cinerea,Grey Wagtail,10,0,0,0,0,0,0,0,0,10,0,0,0,0,0,0,1.234264124,1,1,0
639,11815,Motacilla tschutschensis,Eastern Yellow Wagtail,7,0,0,1,0,1,1,0,0,10,0,0,0,0,0,0,1.247482261,1.923076923,0.846153846,-0.072550667
367,11802,Motacilla alba,White Wagtail,10,0,0,0,0,0,0,0,0,10,0,0,0,0,0,0,1.378942699,1,1,0
36,11885,Anthus rubescens,American Pipit,8,0,0,1,0,1,0,0,0,9,1,0,0,0,0,0,1.315550534,1.515151515,0.914141414,-0.038986615
37,11891,Anthus spragueii,Sprague's Pipit,8,0,0,0,0,2,0,0,0,7,3,0,0,0,0,0,1.40654018,1.470588235,0.921568627,-0.035472318
164,12417,Coccothraustes vespertinus,Evening Grosbeak,1,0,0,2,0,4,3,0,0,0,5,5,0,0,0,0,1.758154622,3.333333333,0.611111111,-0.21387982
453,12387,Pinicola enucleator,Pine Grosbeak,2,0,0,2,0,3,3,0,0,0,0,8,2,0,0,0,1.751279104,3.846153846,0.525641026,-0.279310746
327,12355,Leucosticte tephrocotis,Gray-crowned Rosy-finch,2,0,0,0,0,4,4,0,0,10,0,0,0,0,0,0,1.5774918,2.777777778,0.703703704,-0.152610163
325,12356,Leucosticte atrata,Black Rosy-finch,5,0,0,0,0,5,0,0,0,10,0,0,0,0,0,0,1.402089351,2,0.833333333,-0.079181246
326,12357,Leucosticte australis,Brown-capped Rosy-finch,2,0,0,0,0,8,0,0,0,10,0,0,0,0,0,0,1.424881637,1.470588235,0.921568627,-0.035472318
710,12369,Haemorhous mexicanus,House Finch,1,0,0,3,0,3,3,0,0,3.33,3.33,3.33,0,0,0,0,1.330413773,3.571428571,0.571428571,-0.243038049
711,12367,Haemorhous purpureus,Purple Finch,1,0,0,1,2,2,4,0,0,3.33,3.33,3.33,0,0,0,0,1.367355921,3.846153846,0.525641026,-0.279310746
712,12368,Haemorhous cassinii,Cassin's Finch,2,0,0,0,0,4,4,0,0,6,0,0,4,0,0,0,1.423245874,2.777777778,0.703703704,-0.152610163
713,12346,Acanthis flammea,Common Redpoll,3,0,0,0,0,4,3,0,0,10,0,0,0,0,0,0,1.113943352,2.941176471,0.676470588,-0.169751081
714,12341,Acanthis hornemanni,Hoary Redpoll,0,0,0,0,0,4,6,0,0,0,5,5,0,0,0,0,1.181843588,1.923076923,0.846153846,-0.072550667
336,12392,Loxia curvirostra,Red Crossbill,2,0,0,0,0,3,5,0,0,0,0,8,2,0,0,0,1.583085366,2.631578947,0.728070175,-0.137826759
640,12392,Loxia sinesciuris,Cassia Crossbill,2,0,0,0,0,3,5,0,0,0,0,8,2,0,0,0,1.583085366,2.631578947,0.728070175,-0.137826759
337,12397,Loxia leucoptera,White-winged Crossbill,2,0,0,2,0,3,3,0,0,0,4,6,0,0,0,0,1.457730548,3.846153846,0.525641026,-0.279310746
715,12318,Spinus pinus,Pine Siskin,1,0,0,1,0,7,1,0,0,5,0,5,0,0,0,0,1.103803721,1.923076923,0.846153846,-0.072550667
716,12333,Spinus psaltria,Lesser Goldfinch,1,0,0,3,0,3,3,0,0,2,4,4,0,0,0,0,0.942999593,3.571428571,0.571428571,-0.243038049
717,12334,Spinus lawrencei,Lawrence's Goldfinch,0,0,0,1,0,9,0,0,0,6,2,2,0,0,0,0,1.039017322,1.219512195,0.963414634,-0.016186761
718,12332,Spinus tristis,American Goldfinch,1,0,0,0,1,6,2,0,0,3.33,3.33,3.33,0,0,0,0,1.106870544,2.380952381,0.76984127,-0.113598811
98,12505,Calcarius lapponicus,Lapland Longspur,5,0,0,0,0,5,0,0,0,7,1,2,0,0,0,0,1.444669231,2,0.833333333,-0.079181246
99,12507,Calcarius ornatus,Chestnut-collared Longspur,4,0,0,0,0,6,0,0,0,9,1,0,0,0,0,0,1.307496038,1.923076923,0.846153846,-0.072550667
100,12506,Calcarius pictus,Smith's Longspur,5,0,0,0,0,5,0,0,0,8,2,0,0,0,0,0,1.425860145,2,0.833333333,-0.079181246
719,12504,Rhynchophanes mccownii,McCown's Longspur,2,0,0,0,0,8,0,0,0,8,2,0,0,0,0,0,1.409595019,1.470588235,0.921568627,-0.035472318
466,12508,Plectrophenax nivalis,Snow Bunting,3,0,0,0,0,0,7,0,0,9,1,0,0,0,0,0,1.625312451,1.724137931,0.879310345,-0.055857817
720,12587,Peucaea carpalis,Rufous-winged Sparrow,2,0,0,0,0,8,0,0,0,6,2,2,0,0,0,0,1.184691431,1.470588235,0.921568627,-0.035472318
721,12586,Peucaea cassinii,Cassin's Sparrow,6,0,0,0,0,3,1,0,0,7,3,0,0,0,0,0,1.276461804,2.173913043,0.804347826,-0.094556108
722,12584,Peucaea aestivalis,Bachman's Sparrow,6,0,0,0,0,4,0,0,0,7,3,0,0,0,0,0,1.29136885,1.923076923,0.846153846,-0.072550667
22,12554,Ammodramus savannarum,Grasshopper Sparrow,6,0,0,0,0,4,0,0,0,8,2,0,0,0,0,0,1.245759356,1.923076923,0.846153846,-0.072550667
49,12618,Arremonops rufivirgatus,Olive Sparrow,4,0,0,2,0,0,4,0,0,8,2,0,0,0,0,0,1.350829274,2.777777778,0.703703704,-0.152610163
542,12560,Spizella passerina,Chipping Sparrow,4,0,0,0,0,6,0,0,0,8,1,1,0,0,0,0,1.086359831,1.923076923,0.846153846,-0.072550667
541,12562,Spizella pallida,Clay-coloured Sparrow,2,0,0,0,0,6,2,0,0,8,1,1,0,0,0,0,1.049218023,2.272727273,0.787878788,-0.103540592
539,12567,Spizella atrogularis,Black-chinned Sparrow,5,0,0,0,0,5,0,0,0,10,0,0,0,0,0,0,1.053078443,2,0.833333333,-0.079181246
543,12565,Spizella pusilla,Field Sparrow,4,0,0,0,0,6,0,0,0,10,0,0,0,0,0,0,1.096910013,1.923076923,0.846153846,-0.072550667
540,12564,Spizella breweri,Brewer's Sparrow,5,0,0,0,0,5,0,0,0,10,0,0,0,0,0,0,1.037426498,2,0.833333333,-0.079181246
23,12570,Amphispiza bilineata,Black-throated Sparrow,5,0,0,0,0,5,0,0,0,10,0,0,0,0,0,0,1.130333768,2,0.833333333,-0.079181246
154,12569,Chondestes grammacus,Lark Sparrow,3,0,0,0,0,7,0,0,0,8,1,1,0,0,0,0,1.462397998,1.724137931,0.879310345,-0.055857817
97,12510,Calamospiza melanocorys,Lark Bunting,3,0,0,1,0,6,0,0,0,5,1,1,2,1,0,0,1.575187845,2.173913043,0.804347826,-0.094556108
723,12559,Spizelloides arborea,American Tree Sparrow,5,0,0,0,0,5,0,0,0,6,2,2,0,0,0,0,1.251151343,2,0.833333333,-0.079181246
415,12511,Passerella iliaca,Fox Sparrow,4,0,0,2,0,2,2,0,0,9,1,0,0,0,0,0,1.52179165,3.571428571,0.571428571,-0.243038049
301,12529,Junco hyemalis,Dark-eyed Junco,3,0,0,0,0,7,0,0,0,6,1,3,0,0,0,0,1.290034611,1.724137931,0.879310345,-0.055857817
302,12532,Junco phaeonotus,Yellow-eyed Junco,3,0,0,0,0,4,3,0,0,8,2,0,0,0,0,0,1.309630167,2.941176471,0.676470588,-0.169751081
627,12526,Zonotrichia leucophrys,White-crowned Sparrow,1,0,0,1,0,7,1,0,0,8,1,1,0,0,0,0,1.447158031,1.923076923,0.846153846,-0.072550667
626,12527,Zonotrichia atricapilla,Golden-crowned Sparrow,1,0,0,0,0,6,3,0,0,9,1,0,0,0,0,0,1.50501424,2.173913043,0.804347826,-0.094556108
628,12523,Zonotrichia querula,Harris's Sparrow,1,0,0,0,0,9,0,0,0,9,1,0,0,0,0,0,1.550228353,1.219512195,0.963414634,-0.016186761
625,12524,Zonotrichia albicollis,White-throated Sparrow,2,0,0,2,0,5,1,0,0,9,1,0,0,0,0,0,1.387389826,2.941176471,0.676470588,-0.169751081
630,12571,Artemisiospiza nevadensis,Sagebrush Sparrow,6,0,0,0,0,4,0,0,0,8,2,0,0,0,0,0,1.230193379,1.923076923,0.846153846,-0.072550667
629,12571,Artemisiospiza belli,Bell's Sparrow,6,0,0,0,0,4,0,0,0,8,2,0,0,0,0,0,1.230193379,1.923076923,0.846153846,-0.072550667
482,12568,Pooecetes gramineus,Vesper Sparrow,5,0,0,0,0,5,0,0,0,8,1,1,0,0,0,0,1.409595019,2,0.833333333,-0.079181246
802,12551,Ammospiza leconteii,LeConte's Sparrow,2,0,0,0,0,8,0,0,0,8,2,0,0,0,0,0,1.113943352,1.470588235,0.921568627,-0.035472318
724,12542,Ammospiza maritima,Seaside Sparrow,10,0,0,0,0,0,0,0,0,9,1,0,0,0,0,0,1.345569756,1,1,0
725,12544,Ammospiza nelsoni,Nelson's Sparrow,5,0,0,0,0,5,0,0,0,9,1,0,0,0,0,0,1.179264464,2,0.833333333,-0.079181246
726,12550,Ammospiza caudacuta,Saltmarsh Sparrow,8,0,0,0,0,2,0,0,0,10,0,0,0,0,0,0,1.283074975,1.470588235,0.921568627,-0.035472318
414,12534,Passerculus sandwichensis,Savannah Sparrow,4,0,0,2,0,3,1,0,0,8,1,1,0,0,0,0,1.300378065,3.333333333,0.611111111,-0.21387982
727,12553,Centronyx bairdii,Baird's Sparrow,5,0,0,0,0,5,0,0,0,9,1,0,0,0,0,0,1.256477206,2,0.833333333,-0.079181246
728,12552,Centronyx henslowii,Henslow's Sparrow,7,0,0,0,0,3,0,0,0,8,1,1,0,0,0,0,1.10720997,1.724137931,0.879310345,-0.055857817
354,12517,Melospiza melodia,Song Sparrow,4,0,0,3,0,3,0,0,0,7,3,0,0,0,0,0,1.340642378,2.941176471,0.676470588,-0.169751081
353,12519,Melospiza lincolnii,Lincoln's Sparrow,5,0,0,0,0,5,0,0,0,10,0,0,0,0,0,0,1.220108088,2,0.833333333,-0.079181246
352,12521,Melospiza georgiana,Swamp Sparrow,4,0,0,3,0,3,0,0,0,10,0,0,0,0,0,0,1.206825876,2.941176471,0.676470588,-0.169751081
729,12605,Melozone fusca,Canyon Towhee,2,0,0,0,0,8,0,0,0,5,3,2,0,0,0,0,1.64738297,1.470588235,0.921568627,-0.035472318
730,12608,Melozone aberti,Abert's Towhee,8,0,0,0,0,2,0,0,0,7,3,0,0,0,0,0,1.662096445,1.470588235,0.921568627,-0.035472318
731,12607,Melozone crissalis,California Towhee,2,0,0,1,0,6,1,0,0,5,3,2,0,0,0,0,1.722880611,2.380952381,0.76984127,-0.113598811
14,12588,Aimophila ruficeps,Rufous-crowned Sparrow,5,0,0,0,0,5,0,0,0,6,2,2,0,0,0,0,1.271609301,2,0.833333333,-0.079181246
455,12596,Pipilo chlorurus,Green-tailed Towhee,4,0,0,2,0,4,0,0,0,7,3,0,0,0,0,0,1.46834733,2.777777778,0.703703704,-0.152610163
457,12601,Pipilo maculatus,Spotted Towhee,5,0,0,2,0,3,0,0,0,7,3,0,0,0,0,0,1.594171479,2.631578947,0.728070175,-0.137826759
456,12602,Pipilo erythrophthalmus,Eastern Towhee,3,0,0,3,0,4,0,0,0,8,2,0,0,0,0,0,1.60238559,2.941176471,0.676470588,-0.169751081
288,12799,Icteria virens,Yellow-breasted Chat,8,0,0,2,0,0,0,0,0,0,10,0,0,0,0,0,1.396024897,1.470588235,0.921568627,-0.035472318
622,13397,Xanthocephalus xanthocephalus,Yellow-headed Blackbird,10,0,0,0,0,0,0,0,0,9,1,0,0,0,0,0,1.797128988,1,1,0
215,13453,Dolichonyx oryzivorus,Bobolink,6,0,0,3,0,1,0,0,0,10,0,0,0,0,0,0,1.497758718,2.173913043,0.804347826,-0.094556108
557,13420,Sturnella neglecta,Western Meadowlark,5,0,0,0,0,5,0,0,0,10,0,0,0,0,0,0,2.000260499,2,0.833333333,-0.079181246
556,13416,Sturnella magna,Eastern Meadowlark,7,0,0,1,0,2,0,0,0,10,0,0,0,0,0,0,1.962653405,1.851851852,0.858024691,-0.066500214
296,13384,Icterus spurius,Orchard Oriole,4,0,0,2,3,0,1,0,0,3,5,2,0,0,0,0,1.288696261,3.333333333,0.611111111,-0.21387982
291,13383,Icterus cucullatus,Hooded Oriole,4,0,0,2,3,0,1,0,0,0,5,5,0,0,0,0,1.385606274,3.333333333,0.611111111,-0.21387982
290,13381,Icterus bullockii,Bullock's Oriole,6,1,0,0,3,0,0,0,0,3,2,2,3,0,0,0,1.57863921,2.173913043,0.804347826,-0.094556108
294,13371,Icterus gularis,Altamira Oriole,7,0,0,1,2,0,0,0,0,0,4,4,2,0,0,0,1.741624258,1.851851852,0.858024691,-0.066500214
293,13360,Icterus graduacauda,Audubon's Oriole,6,0,0,3,0,1,0,0,0,2,6,2,0,0,0,0,1.625312451,2.173913043,0.804347826,-0.094556108
292,13379,Icterus galbula,Baltimore Oriole,6,0,0,2,2,0,0,0,0,3,1,2,4,0,0,0,1.516270883,2.272727273,0.787878788,-0.103540592
289,13382,Icterus abeillei,Black-backed Oriole,6,0,0,0,4,0,0,0,0,3,2,2,3,0,0,0,1.51851394,1.923076923,0.846153846,-0.072550667
295,13394,Icterus parisorum,Scott's Oriole,7,0,0,2,1,0,0,0,0,2,4,4,0,0,0,0,1.56205483,1.851851852,0.858024691,-0.066500214
12,13402,Agelaius phoeniceus,Red-winged Blackbird,5,0,0,0,0,5,0,0,0,9,1,0,0,0,0,0,1.705692697,2,0.833333333,-0.079181246
13,13406,Agelaius tricolor,Tricoloured Blackbird,7,0,0,0,0,3,0,0,0,10,0,0,0,0,0,0,1.762828553,1.724137931,0.879310345,-0.055857817
366,13448,Molothrus bonariensis,Shiny Cowbird,7,0,0,0,0,3,0,0,0,10,0,0,0,0,0,0,1.617943435,1.724137931,0.879310345,-0.055857817
364,13449,Molothrus aeneus,Bronzed Cowbird,7,0,0,0,0,3,0,0,0,8,1,1,0,0,0,0,1.796643704,1.724137931,0.879310345,-0.055857817
365,13450,Molothrus ater,Brown-headed Cowbird,4,0,0,0,0,6,0,0,0,8,1,1,0,0,0,0,1.604873771,1.923076923,0.846153846,-0.072550667
244,13442,Euphagus carolinus,Rusty Blackbird,10,0,0,0,0,0,0,0,0,7,3,0,0,0,0,0,1.7750276,1,1,0
245,13443,Euphagus cyanocephalus,Brewer's Blackbird,10,0,0,0,0,0,0,0,0,10,0,0,0,0,0,0,1.795741021,1,1,0
499,13439,Quiscalus quiscula,Common Grackle,4,2,0,0,0,4,0,0,0,7,2,1,0,0,0,0,2.021933166,2.777777778,0.703703704,-0.152610163
497,13436,Quiscalus major,Boat-tailed Grackle,4,2,1,0,0,3,0,0,0,7,2,1,0,0,0,0,2.179580513,3.333333333,0.611111111,-0.21387982
498,13435,Quiscalus mexicanus,Great-tailed Grackle,8,0,0,0,0,2,0,0,0,8,1,1,0,0,0,0,2.205393853,1.470588235,0.921568627,-0.035472318
518,12724,Seiurus aurocapilla,Ovenbird,7,1,0,1,0,1,0,0,0,8,2,0,0,0,0,0,1.274157849,1.923076923,0.846153846,-0.072550667
277,12722,Helmitheros vermivorum,Worm-eating Warbler,10,0,0,0,0,0,0,0,0,0,3,7,0,0,0,0,1.151063253,1,1,0
732,12727,Parkesia motacilla,Louisiana Waterthrush,8,2,0,0,0,0,0,0,0,5,5,0,0,0,0,0,1.298853076,1.470588235,0.921568627,-0.035472318
733,12725,Parkesia noveboracensis,Northern Waterthrush,9,1,0,0,0,0,0,0,0,8,2,0,0,0,0,0,1.212187604,1.219512195,0.963414634,-0.016186761
604,12669,Vermivora chrysoptera,Golden-winged Warbler,10,0,0,0,0,0,0,0,0,0,5,5,0,0,0,0,0.941511433,1,1,0
734,12668,Vermivora cyanoptera,Blue-winged Warbler,10,0,0,0,0,0,0,0,0,0,5,5,0,0,0,0,0.949390007,1,1,0
363,12719,Mniotilta varia,Black-and-white Warbler,8,0,0,2,0,0,0,0,0,0,2,6,2,0,0,0,1.037426498,1.470588235,0.921568627,-0.035472318
489,12721,Protonotaria citrea,Prothonotary Warbler,7,0,0,1,1,1,0,0,0,0,2,8,0,0,0,0,1.155336037,1.923076923,0.846153846,-0.072550667
330,12723,Limnothlypis swainsonii,Swainson's Warbler,9,1,0,0,0,0,0,0,0,5,5,0,0,0,0,0,1.276461804,1.219512195,0.963414634,-0.016186761
735,12681,Oreothlypis superciliosa,Crescent-chested Warbler,10,0,0,0,0,0,0,0,0,0,0,10,0,0,0,0,0.954242509,1,1,0
737,12670,Leiothlypis peregrina,Tennessee Warbler,7,0,0,2,1,0,0,0,0,0,3,4,3,0,0,0,0.949390007,1.851851852,0.858024691,-0.066500214
738,12671,Leiothlypis celata,Orange-crowned Warbler,7,0,0,2,1,0,0,0,0,0,5,5,0,0,0,0,0.963315511,1.851851852,0.858024691,-0.066500214
739,12676,Leiothlypis crissalis,Colima Warbler,10,0,0,0,0,0,0,0,0,0,10,0,0,0,0,0,0.968482949,1,1,0
740,12677,Leiothlypis luciae,Lucy's Warbler,10,0,0,0,0,0,0,0,0,0,2,8,0,0,0,0,0.819543936,1,1,0
741,12672,Leiothlypis ruficapilla,Nashville Warbler,8,0,0,1,1,0,0,0,0,0,4,4,2,0,0,0,0.907948522,1.515151515,0.914141414,-0.038986615
742,12675,Leiothlypis virginiae,Virginia's Warbler,10,0,0,0,0,0,0,0,0,0,6,4,0,0,0,0,0.913813852,1,1,0
401,12729,Oporornis agilis,Connecticut Warbler,8,0,0,2,0,0,0,0,0,8,2,0,0,0,0,0,1.123851641,1.470588235,0.921568627,-0.035472318
263,12746,Geothlypis poliocephala,Grey-crowned Yellowthroat,10,0,0,0,0,0,0,0,0,2,8,0,0,0,0,0,1.164352856,1,1,0
743,12731,Geothlypis tolmiei,MacGillivray's Warbler,10,0,0,0,0,0,0,0,0,5,5,0,0,0,0,0,1.017033339,1,1,0
744,12730,Geothlypis philadelphia,Mourning Warbler,9,0,0,0,0,0,1,0,0,5,5,0,0,0,0,0,1.069668097,1.219512195,0.963414634,-0.016186761
745,12728,Geothlypis formosa,Kentucky Warbler,8,0,0,1,0,1,0,0,0,8,2,0,0,0,0,0,1.146128036,1.515151515,0.914141414,-0.038986615
267,12733,Geothlypis trichas,Common Yellowthroat,10,0,0,0,0,0,0,0,0,0,8,2,0,0,0,0,0.979548375,1,1,0
749,12751,Setophaga citrina,Hooded Warbler,10,0,0,0,0,0,0,0,0,0,10,0,0,0,0,0,1.022840611,1,1,0
524,12720,Setophaga ruticilla,American Redstart,8,0,0,1,0,1,0,0,0,0,0,8,2,0,0,0,0.915927212,1.515151515,0.914141414,-0.038986615
750,12707,Setophaga kirtlandii,Kirtland's Warbler,7,0,0,3,0,0,0,0,0,0,2,8,0,0,0,0,1.144262774,1.724137931,0.879310345,-0.055857817
751,12690,Setophaga tigrina,Cape May Warbler,6,0,0,2,2,0,0,0,0,0,0,2,6,2,0,0,1.001733713,2.272727273,0.787878788,-0.103540592
752,12714,Setophaga cerulea,Cerulean Warbler,9,0,0,0,1,0,0,0,0,0,0,0,7,3,0,0,0.95616843,1.219512195,0.963414634,-0.016186761
753,12678,Setophaga americana,Northern Parula,7,0,0,1,1,1,0,0,0,0,0,2,8,0,0,0,0.894316063,1.923076923,0.846153846,-0.072550667
754,12680,Setophaga pitiayumi,Tropical Parula,7,0,0,2,0,0,1,0,0,0,0,0,10,0,0,0,0.833784375,1.851851852,0.858024691,-0.066500214
755,12689,Setophaga magnolia,Magnolia Warbler,10,0,0,0,0,0,0,0,0,0,2,8,0,0,0,0,0.910624405,1,1,0
756,12712,Setophaga castanea,Bay-breasted Warbler,6,0,0,3,1,0,0,0,0,0,0,10,0,0,0,0,1.071882007,2.173913043,0.804347826,-0.094556108
757,12701,Setophaga fusca,Blackburnian Warbler,8,0,0,2,0,0,0,0,0,0,0,2,6,2,0,0,0.988558957,1.470588235,0.921568627,-0.035472318
758,12683,Setophaga petechia,Yellow Warbler,10,0,0,0,0,0,0,0,0,0,2,8,0,0,0,0,1.009450896,1,1,0
759,12688,Setophaga pensylvanica,Chestnut-sided Warbler,8,0,0,1,0,1,0,0,0,0,2,8,0,0,0,0,0.968015714,1.515151515,0.914141414,-0.038986615
760,12713,Setophaga striata,Blackpoll Warbler,7,0,0,1,1,1,0,0,0,0,0,10,0,0,0,0,1.073351702,1.923076923,0.846153846,-0.072550667
761,12691,Setophaga caerulescens,Black-throated Blue Warbler,7,0,0,1,1,1,0,0,0,0,4,4,2,0,0,0,1.006037955,1.923076923,0.846153846,-0.072550667
762,12711,Setophaga palmarum,Palm Warbler,7,0,0,1,1,1,0,0,0,10,0,0,0,0,0,0,1.012837225,1.923076923,0.846153846,-0.072550667
764,12706,Setophaga pinus,Pine Warbler,7,0,0,1,1,1,0,0,0,2,0,8,0,0,0,0,1.071513805,1.923076923,0.846153846,-0.072550667
765,12692,Setophaga coronata,Yellow-rumped Warbler,7,0,0,1,1,1,0,0,0,0,5,5,0,0,0,0,1.077004327,1.923076923,0.846153846,-0.072550667
766,12702,Setophaga dominica,Yellow-throated Warbler,10,0,0,0,0,0,0,0,0,0,0,2,8,0,0,0,0.986323777,1,1,0
768,12709,Setophaga discolor,Prairie Warbler,8,0,0,1,1,0,0,0,0,2,6,2,0,0,0,0,0.883093359,1.515151515,0.914141414,-0.038986615
769,12704,Setophaga adelaidae,Adelaide's Warbler,10,0,0,0,0,0,0,0,0,0,0,8,2,0,0,0,0.84135947,1,1,0
771,12703,Setophaga graciae,Grace's Warbler,10,0,0,0,0,0,0,0,0,0,0,6,4,0,0,0,0.908485019,1,1,0
803,12696,Setophaga nigrescens,Black-throated Gray Warbler,10,0,0,0,0,0,0,0,0,0,10,0,0,0,0,0,0.939519253,1,1,0
772,12697,Setophaga townsendi,Townsend's Warbler,10,0,0,0,0,0,0,0,0,0,2,0,8,0,0,0,0.946452265,1,1,0
773,12698,Setophaga occidentalis,Hermit Warbler,10,0,0,0,0,0,0,0,0,0,0,2,8,0,0,0,1.017033339,1,1,0
774,12700,Setophaga chrysoparia,Golden-cheeked Warbler,10,0,0,0,0,0,0,0,0,0,0,6,4,0,0,0,0.995635195,1,1,0
775,12699,Setophaga virens,Black-throated Green Warbler,6,0,0,2,0,0,2,0,0,0,2,6,2,0,0,0,0.939019776,2.272727273,0.787878788,-0.103540592
776,12770,Basileuterus lachrymosus,Fan-tailed Warbler,10,0,0,0,0,0,0,0,0,5,5,0,0,0,0,0,1.408239965,1,1,0
68,12787,Basileuterus rufifrons,Rufous-capped Warbler,8,0,0,2,0,0,0,0,0,0,10,0,0,0,0,0,1.017033339,1.470588235,0.921568627,-0.035472318
66,12783,Basileuterus culicivorus,Golden-crowned Warbler,8,0,0,2,0,0,0,0,0,0,7,3,0,0,0,0,1.021189299,1.470588235,0.921568627,-0.035472318
787,12753,Cardellina canadensis,Canada Warbler,9,0,0,1,0,0,0,0,0,0,6,4,0,0,0,0,1.001733713,1.219512195,0.963414634,-0.016186761
788,12752,Cardellina pusilla,Wilson's Warbler,8,0,0,1,1,0,0,0,0,0,2,8,0,0,0,0,0.84260924,1.515151515,0.914141414,-0.038986615
124,12754,Cardellina rubrifrons,Red-faced Warbler,10,0,0,0,0,0,0,0,0,0,0,10,0,0,0,0,0.908485019,1,1,0
386,12757,Myioborus pictus,Painted Redstart,8,0,0,0,2,0,0,0,0,0,10,0,0,0,0,0,0.990782692,1.470588235,0.921568627,-0.035472318
384,12758,Myioborus miniatus,Slate-throated Redstart,10,0,0,0,0,0,0,0,0,0,0,10,0,0,0,0,0.954242509,1,1,0
458,12908,Piranga flava,Hepatic Tanager,8,0,0,2,0,0,0,0,0,0,1,3,6,0,0,0,1.57634135,1.470588235,0.921568627,-0.035472318
461,12913,Piranga rubra,Summer Tanager,9,0,0,1,0,0,0,0,0,0,2,3,3,2,0,0,1.464340485,1.219512195,0.963414634,-0.016186761
460,12915,Piranga olivacea,Scarlet Tanager,8,0,0,1,0,0,1,0,0,1,1,4,4,0,0,0,1.450249108,1.515151515,0.914141414,-0.038986615
459,12916,Piranga ludoviciana,Western Tanager,8,0,0,2,0,0,0,0,0,0,0,3,4,3,0,0,1.44870632,1.470588235,0.921568627,-0.035472318
125,13277,Cardinalis cardinalis,Northern Cardinal,2,0,0,1,0,0,7,0,0,4,2,2,2,0,0,0,1.629817196,1.851851852,0.858024691,-0.066500214
126,13280,Cardinalis sinuatus,Pyrrhuloxia,3,0,0,0,0,7,0,0,0,6,2,1,1,0,0,0,1.546419267,1.724137931,0.879310345,-0.055857817
442,13275,Pheucticus ludovicianus,Rose-breasted Grosbeak,5,0,0,2,0,2,1,0,0,2,2,3,3,0,0,0,1.62324929,2.941176471,0.676470588,-0.169751081
443,13276,Pheucticus melanocephalus,Black-headed Grosbeak,7,0,0,2,0,1,0,0,0,1,0,4,5,0,0,0,1.67329744,1.851851852,0.858024691,-0.066500214
417,13309,Passerina caerulea,Blue Grosbeak,4,0,0,2,0,3,1,0,0,10,0,0,0,0,0,0,1.437592032,3.333333333,0.611111111,-0.21387982
416,13311,Passerina amoena,Lazuli Bunting,5,0,0,0,0,5,0,0,0,5,5,0,0,0,0,0,1.190051418,2,0.833333333,-0.079181246
419,13313,Passerina cyanea,Indigo Bunting,0,0,0,0,0,10,0,0,0,4,4,2,0,0,0,0,1.167021796,1,1,0
420,13314,Passerina versicolor,Varied Bunting,6,0,0,0,0,4,0,0,0,5,5,0,0,0,0,0,1.110252917,1.923076923,0.846153846,-0.072550667
418,13315,Passerina ciris,Painted Bunting,0,0,0,0,0,10,0,0,0,5,5,0,0,0,0,0,1.191451014,1,1,0
538,13269,Spiza americana,Dickcissel,0,0,0,0,0,10,0,0,0,10,0,0,0,0,0,0,1.417969642,1,1,0
197,13073,Cyanerpes cyaneus,Red-legged Honeycreeper,4,0,0,4,2,0,0,0,0,0,2,4,4,0,0,0,1.146128036,2.777777778,0.703703704,-0.152610163
806,13168,Sporophila morelleti,Morelet's Seedeater,2,0,0,0,0,8,0,0,0,4,4,2,0,0,0,0,0.939519253,1.470588235,0.921568627,-0.035472318